This file contains any messages produced by compilers while
running configure, to aid debugging if configure makes a mistake.

It was created by Bitcoin Core configure 0.15.2, which was
generated by GNU Autoconf 2.71.  Invocation command line was

  $ ./configure LDFLAGS=-L/usr/local/lib CPPFLAGS=-I/usr/local/include

## --------- ##
## Platform. ##
## --------- ##

hostname = DESKTOP-KHJ7B80
uname -m = x86_64
uname -r = 6.18.33.2-microsoft-standard-WSL2
uname -s = Linux
uname -v = #1 SMP PREEMPT_DYNAMIC Thu Jun 18 21:54:43 UTC 2026

/usr/bin/uname -p = x86_64
/bin/uname -X     = unknown

/bin/arch              = x86_64
/usr/bin/arch -k       = unknown
/usr/convex/getsysinfo = unknown
/usr/bin/hostinfo      = unknown
/bin/machine           = unknown
/usr/bin/oslevel       = unknown
/bin/universe          = unknown

PATH: /usr/local/sbin/
PATH: /usr/local/bin/
PATH: /usr/sbin/
PATH: /usr/bin/
PATH: /sbin/
PATH: /bin/
PATH: /usr/games/
PATH: /usr/local/games/
PATH: /snap/bin/


## ----------- ##
## Core tests. ##
## ----------- ##

configure:3333: looking for aux files: compile ltmain.sh missing install-sh config.guess config.sub
configure:3346:  trying ./build-aux/
configure:3375:   ./build-aux/compile found
configure:3375:   ./build-aux/ltmain.sh found
configure:3375:   ./build-aux/missing found
configure:3357:   ./build-aux/install-sh found
configure:3375:   ./build-aux/config.guess found
configure:3375:   ./build-aux/config.sub found
configure:3509: checking build system type
configure:3524: result: x86_64-pc-linux-gnu
configure:3544: checking host system type
configure:3558: result: x86_64-pc-linux-gnu
configure:3602: checking for a BSD-compatible install
configure:3675: result: /usr/bin/install -c
configure:3686: checking whether build environment is sane
configure:3741: result: yes
configure:3900: checking for a race-free mkdir -p
configure:3944: result: /usr/bin/mkdir -p
configure:3951: checking for gawk
configure:3986: result: no
configure:3951: checking for mawk
configure:3972: found /usr/bin/mawk
configure:3983: result: mawk
configure:3994: checking whether make sets $(MAKE)
configure:4017: result: yes
configure:4047: checking whether make supports nested variables
configure:4065: result: yes
configure:4198: checking whether to enable maintainer-specific portions of Makefiles
configure:4208: result: yes
configure:4234: checking whether make supports nested variables
configure:4252: result: yes
configure:4338: checking for g++
configure:4359: found /usr/bin/g++
configure:4370: result: g++
configure:4397: checking for C++ compiler version
configure:4406: g++ --version >&5
g++ (Ubuntu 11.4.0-1ubuntu1~22.04.3) 11.4.0
Copyright (C) 2021 Free Software Foundation, Inc.
This is free software; see the source for copying conditions.  There is NO
warranty; not even for MERCHANTABILITY or FITNESS FOR A PARTICULAR PURPOSE.

configure:4417: $? = 0
configure:4406: g++ -v >&5
Using built-in specs.
COLLECT_GCC=g++
COLLECT_LTO_WRAPPER=/usr/lib/gcc/x86_64-linux-gnu/11/lto-wrapper
OFFLOAD_TARGET_NAMES=nvptx-none:amdgcn-amdhsa
OFFLOAD_TARGET_DEFAULT=1
Target: x86_64-linux-gnu
Configured with: ../src/configure -v --with-pkgversion='Ubuntu 11.4.0-1ubuntu1~22.04.3' --with-bugurl=file:///usr/share/doc/gcc-11/README.Bugs --enable-languages=c,ada,c++,go,brig,d,fortran,objc,obj-c++,m2 --prefix=/usr --with-gcc-major-version-only --program-suffix=-11 --program-prefix=x86_64-linux-gnu- --enable-shared --enable-linker-build-id --libexecdir=/usr/lib --without-included-gettext --enable-threads=posix --libdir=/usr/lib --enable-nls --enable-bootstrap --enable-clocale=gnu --enable-libstdcxx-debug --enable-libstdcxx-time=yes --with-default-libstdcxx-abi=new --enable-gnu-unique-object --disable-vtable-verify --enable-plugin --enable-default-pie --with-system-zlib --enable-libphobos-checking=release --with-target-system-zlib=auto --enable-objc-gc=auto --enable-multiarch --disable-werror --enable-cet --with-arch-32=i686 --with-abi=m64 --with-multilib-list=m32,m64,mx32 --enable-multilib --with-tune=generic --enable-offload-targets=nvptx-none=/build/gcc-11-0odw26/gcc-11-11.4.0/debian/tmp-nvptx/usr,amdgcn-amdhsa=/build/gcc-11-0odw26/gcc-11-11.4.0/debian/tmp-gcn/usr --without-cuda-driver --enable-checking=release --build=x86_64-linux-gnu --host=x86_64-linux-gnu --target=x86_64-linux-gnu --with-build-config=bootstrap-lto-lean --enable-link-serialization=2
Thread model: posix
Supported LTO compression algorithms: zlib zstd
gcc version 11.4.0 (Ubuntu 11.4.0-1ubuntu1~22.04.3) 
... rest of stderr output deleted ...
configure:4417: $? = 0
configure:4406: g++ -V >&5
g++: error: unrecognized command-line option '-V'
g++: fatal error: no input files
compilation terminated.
configure:4417: $? = 1
configure:4406: g++ -qversion >&5
g++: error: unrecognized command-line option '-qversion'; did you mean '--version'?
g++: fatal error: no input files
compilation terminated.
configure:4417: $? = 1
configure:4437: checking whether the C++ compiler works
configure:4459: g++  -I/usr/local/include -L/usr/local/lib conftest.cpp  >&5
configure:4463: $? = 0
configure:4513: result: yes
configure:4516: checking for C++ compiler default output file name
configure:4518: result: a.out
configure:4524: checking for suffix of executables
configure:4531: g++ -o conftest  -I/usr/local/include -L/usr/local/lib conftest.cpp  >&5
configure:4535: $? = 0
configure:4558: result: 
configure:4580: checking whether we are cross compiling
configure:4588: g++ -o conftest  -I/usr/local/include -L/usr/local/lib conftest.cpp  >&5
configure:4592: $? = 0
configure:4599: ./conftest
configure:4603: $? = 0
configure:4618: result: no
configure:4623: checking for suffix of object files
configure:4646: g++ -c  -I/usr/local/include conftest.cpp >&5
configure:4650: $? = 0
configure:4672: result: o
configure:4676: checking whether the compiler supports GNU C++
configure:4696: g++ -c  -I/usr/local/include conftest.cpp >&5
configure:4696: $? = 0
configure:4706: result: yes
configure:4717: checking whether g++ accepts -g
configure:4738: g++ -c -g -I/usr/local/include conftest.cpp >&5
configure:4738: $? = 0
configure:4782: result: yes
configure:4802: checking for g++ option to enable C++11 features
configure:4817: g++  -c -g -O2 -I/usr/local/include conftest.cpp >&5
conftest.cpp: In function 'int main(int, char**)':
conftest.cpp:175:25: warning: empty parentheses were disambiguated as a function declaration [-Wvexing-parse]
  175 |   cxx11test::delegate d2();
      |                         ^~
conftest.cpp:175:25: note: remove parentheses to default-initialize a variable
  175 |   cxx11test::delegate d2();
      |                         ^~
      |                         --
conftest.cpp:175:25: note: or replace parentheses with braces to value-initialize a variable
configure:4817: $? = 0
configure:4835: result: none needed
configure:4902: checking whether make supports the include directive
configure:4917: make -f confmf.GNU && cat confinc.out
this is the am__doit target
configure:4920: $? = 0
configure:4939: result: yes (GNU style)
configure:4965: checking dependency style of g++
configure:5077: result: gcc3
configure:5115: checking whether g++ supports C++11 features with -std=c++11
configure:5412: g++ -std=c++11 -c -g -O2 -I/usr/local/include conftest.cpp >&5
configure:5412: $? = 0
configure:5422: result: yes
configure:5466: checking whether std::atomic can be used without link library
configure:5484: g++ -std=c++11 -o conftest -g -O2 -I/usr/local/include -L/usr/local/lib conftest.cpp  >&5
configure:5484: $? = 0
configure:5487: result: yes
configure:5663: checking for Objective C++ compiler version
configure:5672: g++ -std=c++11 --version >&5
g++ (Ubuntu 11.4.0-1ubuntu1~22.04.3) 11.4.0
Copyright (C) 2021 Free Software Foundation, Inc.
This is free software; see the source for copying conditions.  There is NO
warranty; not even for MERCHANTABILITY or FITNESS FOR A PARTICULAR PURPOSE.

configure:5683: $? = 0
configure:5672: g++ -std=c++11 -v >&5
Using built-in specs.
COLLECT_GCC=g++
COLLECT_LTO_WRAPPER=/usr/lib/gcc/x86_64-linux-gnu/11/lto-wrapper
OFFLOAD_TARGET_NAMES=nvptx-none:amdgcn-amdhsa
OFFLOAD_TARGET_DEFAULT=1
Target: x86_64-linux-gnu
Configured with: ../src/configure -v --with-pkgversion='Ubuntu 11.4.0-1ubuntu1~22.04.3' --with-bugurl=file:///usr/share/doc/gcc-11/README.Bugs --enable-languages=c,ada,c++,go,brig,d,fortran,objc,obj-c++,m2 --prefix=/usr --with-gcc-major-version-only --program-suffix=-11 --program-prefix=x86_64-linux-gnu- --enable-shared --enable-linker-build-id --libexecdir=/usr/lib --without-included-gettext --enable-threads=posix --libdir=/usr/lib --enable-nls --enable-bootstrap --enable-clocale=gnu --enable-libstdcxx-debug --enable-libstdcxx-time=yes --with-default-libstdcxx-abi=new --enable-gnu-unique-object --disable-vtable-verify --enable-plugin --enable-default-pie --with-system-zlib --enable-libphobos-checking=release --with-target-system-zlib=auto --enable-objc-gc=auto --enable-multiarch --disable-werror --enable-cet --with-arch-32=i686 --with-abi=m64 --with-multilib-list=m32,m64,mx32 --enable-multilib --with-tune=generic --enable-offload-targets=nvptx-none=/build/gcc-11-0odw26/gcc-11-11.4.0/debian/tmp-nvptx/usr,amdgcn-amdhsa=/build/gcc-11-0odw26/gcc-11-11.4.0/debian/tmp-gcn/usr --without-cuda-driver --enable-checking=release --build=x86_64-linux-gnu --host=x86_64-linux-gnu --target=x86_64-linux-gnu --with-build-config=bootstrap-lto-lean --enable-link-serialization=2
Thread model: posix
Supported LTO compression algorithms: zlib zstd
gcc version 11.4.0 (Ubuntu 11.4.0-1ubuntu1~22.04.3) 
... rest of stderr output deleted ...
configure:5683: $? = 0
configure:5672: g++ -std=c++11 -V >&5
g++: error: unrecognized command-line option '-V'
g++: fatal error: no input files
compilation terminated.
configure:5683: $? = 1
configure:5672: g++ -std=c++11 -qversion >&5
g++: error: unrecognized command-line option '-qversion'; did you mean '--version'?
g++: fatal error: no input files
compilation terminated.
configure:5683: $? = 1
configure:5687: checking whether the compiler supports GNU Objective C++
configure:5707: g++ -std=c++11 -c  -I/usr/local/include conftest.mm >&5
g++: fatal error: cannot execute 'cc1objplus': execvp: No such file or directory
compilation terminated.
configure:5707: $? = 1
configure: failed program was:
| /* confdefs.h */
| #define PACKAGE_NAME "Bitcoin Core"
| #define PACKAGE_TARNAME "bitcoin"
| #define PACKAGE_VERSION "0.15.2"
| #define PACKAGE_STRING "Bitcoin Core 0.15.2"
| #define PACKAGE_BUGREPORT "https://github.com/bitcoin/bitcoin/issues"
| #define PACKAGE_URL "https://bitcoincore.org/"
| #define HAVE_CXX11 1
| /* end confdefs.h.  */
| 
| int
| main (void)
| {
| #ifndef __GNUC__
|        choke me
| #endif
| 
|   ;
|   return 0;
| }
configure:5717: result: no
configure:5728: checking whether g++ -std=c++11 accepts -g
configure:5749: g++ -std=c++11 -c -g -I/usr/local/include conftest.mm >&5
g++: fatal error: cannot execute 'cc1objplus': execvp: No such file or directory
compilation terminated.
configure:5749: $? = 1
configure: failed program was:
| /* confdefs.h */
| #define PACKAGE_NAME "Bitcoin Core"
| #define PACKAGE_TARNAME "bitcoin"
| #define PACKAGE_VERSION "0.15.2"
| #define PACKAGE_STRING "Bitcoin Core 0.15.2"
| #define PACKAGE_BUGREPORT "https://github.com/bitcoin/bitcoin/issues"
| #define PACKAGE_URL "https://bitcoincore.org/"
| #define HAVE_CXX11 1
| /* end confdefs.h.  */
| 
| int
| main (void)
| {
| 
|   ;
|   return 0;
| }
configure:5765: g++ -std=c++11 -c  -I/usr/local/include conftest.mm >&5
g++: fatal error: cannot execute 'cc1objplus': execvp: No such file or directory
compilation terminated.
configure:5765: $? = 1
configure: failed program was:
| /* confdefs.h */
| #define PACKAGE_NAME "Bitcoin Core"
| #define PACKAGE_TARNAME "bitcoin"
| #define PACKAGE_VERSION "0.15.2"
| #define PACKAGE_STRING "Bitcoin Core 0.15.2"
| #define PACKAGE_BUGREPORT "https://github.com/bitcoin/bitcoin/issues"
| #define PACKAGE_URL "https://bitcoincore.org/"
| #define HAVE_CXX11 1
| /* end confdefs.h.  */
| 
| int
| main (void)
| {
| 
|   ;
|   return 0;
| }
configure:5782: g++ -std=c++11 -c -g -I/usr/local/include conftest.mm >&5
g++: fatal error: cannot execute 'cc1objplus': execvp: No such file or directory
compilation terminated.
configure:5782: $? = 1
configure: failed program was:
| /* confdefs.h */
| #define PACKAGE_NAME "Bitcoin Core"
| #define PACKAGE_TARNAME "bitcoin"
| #define PACKAGE_VERSION "0.15.2"
| #define PACKAGE_STRING "Bitcoin Core 0.15.2"
| #define PACKAGE_BUGREPORT "https://github.com/bitcoin/bitcoin/issues"
| #define PACKAGE_URL "https://bitcoincore.org/"
| #define HAVE_CXX11 1
| /* end confdefs.h.  */
| 
| int
| main (void)
| {
| 
|   ;
|   return 0;
| }
configure:5793: result: no
configure:5818: checking dependency style of g++ -std=c++11
configure:5928: result: gcc3
configure:5992: checking how to print strings
configure:6019: result: printf
configure:6102: checking for gcc
configure:6123: found /usr/bin/gcc
configure:6134: result: gcc
configure:6487: checking for C compiler version
configure:6496: gcc --version >&5
gcc (Ubuntu 11.4.0-1ubuntu1~22.04.3) 11.4.0
Copyright (C) 2021 Free Software Foundation, Inc.
This is free software; see the source for copying conditions.  There is NO
warranty; not even for MERCHANTABILITY or FITNESS FOR A PARTICULAR PURPOSE.

configure:6507: $? = 0
configure:6496: gcc -v >&5
Using built-in specs.
COLLECT_GCC=gcc
COLLECT_LTO_WRAPPER=/usr/lib/gcc/x86_64-linux-gnu/11/lto-wrapper
OFFLOAD_TARGET_NAMES=nvptx-none:amdgcn-amdhsa
OFFLOAD_TARGET_DEFAULT=1
Target: x86_64-linux-gnu
Configured with: ../src/configure -v --with-pkgversion='Ubuntu 11.4.0-1ubuntu1~22.04.3' --with-bugurl=file:///usr/share/doc/gcc-11/README.Bugs --enable-languages=c,ada,c++,go,brig,d,fortran,objc,obj-c++,m2 --prefix=/usr --with-gcc-major-version-only --program-suffix=-11 --program-prefix=x86_64-linux-gnu- --enable-shared --enable-linker-build-id --libexecdir=/usr/lib --without-included-gettext --enable-threads=posix --libdir=/usr/lib --enable-nls --enable-bootstrap --enable-clocale=gnu --enable-libstdcxx-debug --enable-libstdcxx-time=yes --with-default-libstdcxx-abi=new --enable-gnu-unique-object --disable-vtable-verify --enable-plugin --enable-default-pie --with-system-zlib --enable-libphobos-checking=release --with-target-system-zlib=auto --enable-objc-gc=auto --enable-multiarch --disable-werror --enable-cet --with-arch-32=i686 --with-abi=m64 --with-multilib-list=m32,m64,mx32 --enable-multilib --with-tune=generic --enable-offload-targets=nvptx-none=/build/gcc-11-0odw26/gcc-11-11.4.0/debian/tmp-nvptx/usr,amdgcn-amdhsa=/build/gcc-11-0odw26/gcc-11-11.4.0/debian/tmp-gcn/usr --without-cuda-driver --enable-checking=release --build=x86_64-linux-gnu --host=x86_64-linux-gnu --target=x86_64-linux-gnu --with-build-config=bootstrap-lto-lean --enable-link-serialization=2
Thread model: posix
Supported LTO compression algorithms: zlib zstd
gcc version 11.4.0 (Ubuntu 11.4.0-1ubuntu1~22.04.3) 
... rest of stderr output deleted ...
configure:6507: $? = 0
configure:6496: gcc -V >&5
gcc: error: unrecognized command-line option '-V'
gcc: fatal error: no input files
compilation terminated.
configure:6507: $? = 1
configure:6496: gcc -qversion >&5
gcc: error: unrecognized command-line option '-qversion'; did you mean '--version'?
gcc: fatal error: no input files
compilation terminated.
configure:6507: $? = 1
configure:6496: gcc -version >&5
gcc: error: unrecognized command-line option '-version'
gcc: fatal error: no input files
compilation terminated.
configure:6507: $? = 1
configure:6511: checking whether the compiler supports GNU C
configure:6531: gcc -c  -I/usr/local/include conftest.c >&5
configure:6531: $? = 0
configure:6541: result: yes
configure:6552: checking whether gcc accepts -g
configure:6573: gcc -c -g -I/usr/local/include conftest.c >&5
configure:6573: $? = 0
configure:6617: result: yes
configure:6637: checking for gcc option to enable C11 features
configure:6652: gcc  -c -g -O2 -I/usr/local/include conftest.c >&5
configure:6652: $? = 0
configure:6670: result: none needed
configure:6786: checking whether gcc understands -c and -o together
configure:6809: gcc -c conftest.c -o conftest2.o
configure:6812: $? = 0
configure:6809: gcc -c conftest.c -o conftest2.o
configure:6812: $? = 0
configure:6824: result: yes
configure:6843: checking dependency style of gcc
configure:6955: result: gcc3
configure:6970: checking for a sed that does not truncate output
configure:7040: result: /usr/bin/sed
configure:7058: checking for grep that handles long lines and -e
configure:7122: result: /usr/bin/grep
configure:7127: checking for egrep
configure:7195: result: /usr/bin/grep -E
configure:7200: checking for fgrep
configure:7268: result: /usr/bin/grep -F
configure:7304: checking for ld used by gcc
configure:7372: result: /usr/bin/ld
configure:7379: checking if the linker (/usr/bin/ld) is GNU ld
configure:7395: result: yes
configure:7407: checking for BSD- or MS-compatible name lister (nm)
configure:7462: result: /usr/bin/nm -B
configure:7602: checking the name lister (/usr/bin/nm -B) interface
configure:7610: gcc -c -g -O2 -I/usr/local/include conftest.c >&5
configure:7613: /usr/bin/nm -B "conftest.o"
configure:7616: output
0000000000000000 B some_variable
configure:7623: result: BSD nm
configure:7626: checking whether ln -s works
configure:7630: result: yes
configure:7638: checking the maximum length of command line arguments
configure:7770: result: 1572864
configure:7818: checking how to convert x86_64-pc-linux-gnu file names to x86_64-pc-linux-gnu format
configure:7859: result: func_convert_file_noop
configure:7866: checking how to convert x86_64-pc-linux-gnu file names to toolchain format
configure:7887: result: func_convert_file_noop
configure:7894: checking for /usr/bin/ld option to reload object files
configure:7902: result: -r
configure:7981: checking for objdump
configure:8002: found /usr/bin/objdump
configure:8013: result: objdump
configure:8045: checking how to recognize dependent libraries
configure:8246: result: pass_all
configure:8336: checking for dlltool
configure:8371: result: no
configure:8401: checking how to associate runtime and link libraries
configure:8429: result: printf %s\n
configure:8495: checking for ar
configure:8516: found /usr/bin/ar
configure:8527: result: ar
configure:8564: checking for archiver @FILE support
configure:8582: gcc -c -g -O2 -I/usr/local/include conftest.c >&5
configure:8582: $? = 0
configure:8586: ar cr libconftest.a @conftest.lst >&5
configure:8589: $? = 0
configure:8594: ar cr libconftest.a @conftest.lst >&5
ar: conftest.o: No such file or directory
configure:8597: $? = 1
configure:8609: result: @
configure:8672: checking for strip
configure:8693: found /usr/bin/strip
configure:8704: result: strip
configure:8781: checking for ranlib
configure:8802: found /usr/bin/ranlib
configure:8813: result: ranlib
configure:8915: checking command to parse /usr/bin/nm -B output from gcc object
configure:9069: gcc -c -g -O2 -I/usr/local/include conftest.c >&5
configure:9072: $? = 0
configure:9076: /usr/bin/nm -B conftest.o | sed -n -e 's/^.*[	 ]\([ABCDGIRSTW][ABCDGIRSTW]*\)[	 ][	 ]*\([_A-Za-z][_A-Za-z0-9]*\)$/\1 \2 \2/p' | sed '/ __gnu_lto/d' > conftest.nm
configure:9142: gcc -o conftest -g -O2 -I/usr/local/include -L/usr/local/lib conftest.c conftstm.o >&5
configure:9145: $? = 0
configure:9183: result: ok
configure:9230: checking for sysroot
configure:9261: result: no
configure:9268: checking for a working dd
configure:9312: result: /usr/bin/dd
configure:9316: checking how to truncate binary pipes
configure:9332: result: /usr/bin/dd bs=4096 count=1
configure:9469: gcc -c -g -O2 -I/usr/local/include conftest.c >&5
configure:9472: $? = 0
configure:9669: checking for mt
configure:9704: result: no
configure:9724: checking if : is a manifest tool
configure:9731: : '-?'
configure:9739: result: no
configure:10469: checking for stdio.h
configure:10469: gcc -c -g -O2 -I/usr/local/include conftest.c >&5
configure:10469: $? = 0
configure:10469: result: yes
configure:10469: checking for stdlib.h
configure:10469: gcc -c -g -O2 -I/usr/local/include conftest.c >&5
configure:10469: $? = 0
configure:10469: result: yes
configure:10469: checking for string.h
configure:10469: gcc -c -g -O2 -I/usr/local/include conftest.c >&5
configure:10469: $? = 0
configure:10469: result: yes
configure:10469: checking for inttypes.h
configure:10469: gcc -c -g -O2 -I/usr/local/include conftest.c >&5
configure:10469: $? = 0
configure:10469: result: yes
configure:10469: checking for stdint.h
configure:10469: gcc -c -g -O2 -I/usr/local/include conftest.c >&5
configure:10469: $? = 0
configure:10469: result: yes
configure:10469: checking for strings.h
configure:10469: gcc -c -g -O2 -I/usr/local/include conftest.c >&5
configure:10469: $? = 0
configure:10469: result: yes
configure:10469: checking for sys/stat.h
configure:10469: gcc -c -g -O2 -I/usr/local/include conftest.c >&5
configure:10469: $? = 0
configure:10469: result: yes
configure:10469: checking for sys/types.h
configure:10469: gcc -c -g -O2 -I/usr/local/include conftest.c >&5
configure:10469: $? = 0
configure:10469: result: yes
configure:10469: checking for unistd.h
configure:10469: gcc -c -g -O2 -I/usr/local/include conftest.c >&5
configure:10469: $? = 0
configure:10469: result: yes
configure:10494: checking for dlfcn.h
configure:10494: gcc -c -g -O2 -I/usr/local/include conftest.c >&5
configure:10494: $? = 0
configure:10494: result: yes
configure:10762: checking for objdir
configure:10778: result: .libs
configure:11042: checking if gcc supports -fno-rtti -fno-exceptions
configure:11061: gcc -c -g -O2 -I/usr/local/include -fno-rtti -fno-exceptions conftest.c >&5
cc1: warning: command-line option '-fno-rtti' is valid for C++/D/ObjC++ but not for C
configure:11065: $? = 0
configure:11078: result: no
configure:11442: checking for gcc option to produce PIC
configure:11450: result: -fPIC -DPIC
configure:11458: checking if gcc PIC flag -fPIC -DPIC works
configure:11477: gcc -c -g -O2 -I/usr/local/include -fPIC -DPIC -DPIC conftest.c >&5
configure:11481: $? = 0
configure:11494: result: yes
configure:11523: checking if gcc static flag -static works
configure:11552: result: yes
configure:11567: checking if gcc supports -c -o file.o
configure:11589: gcc -c -g -O2 -I/usr/local/include -o out/conftest2.o conftest.c >&5
configure:11593: $? = 0
configure:11615: result: yes
configure:11623: checking if gcc supports -c -o file.o
configure:11671: result: yes
configure:11704: checking whether the gcc linker (/usr/bin/ld -m elf_x86_64) supports shared libraries
configure:12974: result: yes
configure:13011: checking whether -lc should be explicitly linked in
configure:13020: gcc -c -g -O2 -I/usr/local/include conftest.c >&5
configure:13023: $? = 0
configure:13038: gcc -shared  -fPIC -DPIC conftest.o  -v -Wl,-soname -Wl,conftest -o conftest 2\>\&1 \| /usr/bin/grep  -lc  \>/dev/null 2\>\&1
configure:13041: $? = 0
configure:13055: result: no
configure:13215: checking dynamic linker characteristics
configure:13797: gcc -o conftest -g -O2 -I/usr/local/include -L/usr/local/lib -Wl,-rpath -Wl,/foo conftest.c  >&5
configure:13797: $? = 0
configure:14048: result: GNU/Linux ld.so
configure:14170: checking how to hardcode library paths into programs
configure:14195: result: immediate
configure:14747: checking whether stripping libraries is possible
configure:14752: result: yes
configure:14787: checking if libtool supports shared libraries
configure:14789: result: yes
configure:14792: checking whether to build shared libraries
configure:14817: result: yes
configure:14820: checking whether to build static libraries
configure:14824: result: yes
configure:14847: checking how to run the C++ preprocessor
configure:14869: g++ -std=c++11 -E -I/usr/local/include conftest.cpp
configure:14869: $? = 0
configure:14884: g++ -std=c++11 -E -I/usr/local/include conftest.cpp
conftest.cpp:22:10: fatal error: ac_nonexistent.h: No such file or directory
   22 | #include <ac_nonexistent.h>
      |          ^~~~~~~~~~~~~~~~~~
compilation terminated.
configure:14884: $? = 1
configure: failed program was:
| /* confdefs.h */
| #define PACKAGE_NAME "Bitcoin Core"
| #define PACKAGE_TARNAME "bitcoin"
| #define PACKAGE_VERSION "0.15.2"
| #define PACKAGE_STRING "Bitcoin Core 0.15.2"
| #define PACKAGE_BUGREPORT "https://github.com/bitcoin/bitcoin/issues"
| #define PACKAGE_URL "https://bitcoincore.org/"
| #define HAVE_CXX11 1
| #define HAVE_STDIO_H 1
| #define HAVE_STDLIB_H 1
| #define HAVE_STRING_H 1
| #define HAVE_INTTYPES_H 1
| #define HAVE_STDINT_H 1
| #define HAVE_STRINGS_H 1
| #define HAVE_SYS_STAT_H 1
| #define HAVE_SYS_TYPES_H 1
| #define HAVE_UNISTD_H 1
| #define STDC_HEADERS 1
| #define HAVE_DLFCN_H 1
| #define LT_OBJDIR ".libs/"
| /* end confdefs.h.  */
| #include <ac_nonexistent.h>
configure:14911: result: g++ -std=c++11 -E
configure:14925: g++ -std=c++11 -E -I/usr/local/include conftest.cpp
configure:14925: $? = 0
configure:14940: g++ -std=c++11 -E -I/usr/local/include conftest.cpp
conftest.cpp:22:10: fatal error: ac_nonexistent.h: No such file or directory
   22 | #include <ac_nonexistent.h>
      |          ^~~~~~~~~~~~~~~~~~
compilation terminated.
configure:14940: $? = 1
configure: failed program was:
| /* confdefs.h */
| #define PACKAGE_NAME "Bitcoin Core"
| #define PACKAGE_TARNAME "bitcoin"
| #define PACKAGE_VERSION "0.15.2"
| #define PACKAGE_STRING "Bitcoin Core 0.15.2"
| #define PACKAGE_BUGREPORT "https://github.com/bitcoin/bitcoin/issues"
| #define PACKAGE_URL "https://bitcoincore.org/"
| #define HAVE_CXX11 1
| #define HAVE_STDIO_H 1
| #define HAVE_STDLIB_H 1
| #define HAVE_STRING_H 1
| #define HAVE_INTTYPES_H 1
| #define HAVE_STDINT_H 1
| #define HAVE_STRINGS_H 1
| #define HAVE_SYS_STAT_H 1
| #define HAVE_SYS_TYPES_H 1
| #define HAVE_UNISTD_H 1
| #define STDC_HEADERS 1
| #define HAVE_DLFCN_H 1
| #define LT_OBJDIR ".libs/"
| /* end confdefs.h.  */
| #include <ac_nonexistent.h>
configure:15105: checking for ld used by g++ -std=c++11
configure:15173: result: /usr/bin/ld -m elf_x86_64
configure:15180: checking if the linker (/usr/bin/ld -m elf_x86_64) is GNU ld
configure:15196: result: yes
configure:15251: checking whether the g++ -std=c++11 linker (/usr/bin/ld -m elf_x86_64) supports shared libraries
configure:16328: result: yes
configure:16364: g++ -std=c++11 -c -g -O2 -I/usr/local/include conftest.cpp >&5
configure:16367: $? = 0
configure:16848: checking for g++ -std=c++11 option to produce PIC
configure:16856: result: -fPIC -DPIC
configure:16864: checking if g++ -std=c++11 PIC flag -fPIC -DPIC works
configure:16883: g++ -std=c++11 -c -g -O2 -I/usr/local/include -fPIC -DPIC -DPIC conftest.cpp >&5
configure:16887: $? = 0
configure:16900: result: yes
configure:16923: checking if g++ -std=c++11 static flag -static works
configure:16952: result: yes
configure:16964: checking if g++ -std=c++11 supports -c -o file.o
configure:16986: g++ -std=c++11 -c -g -O2 -I/usr/local/include -o out/conftest2.o conftest.cpp >&5
configure:16990: $? = 0
configure:17012: result: yes
configure:17017: checking if g++ -std=c++11 supports -c -o file.o
configure:17065: result: yes
configure:17095: checking whether the g++ -std=c++11 linker (/usr/bin/ld -m elf_x86_64) supports shared libraries
configure:17138: result: yes
configure:17280: checking dynamic linker characteristics
configure:18040: result: GNU/Linux ld.so
configure:18105: checking how to hardcode library paths into programs
configure:18130: result: immediate
configure:18243: checking for ar
configure:18266: found /usr/bin/ar
configure:18278: result: /usr/bin/ar
configure:18351: checking for ranlib
configure:18374: found /usr/bin/ranlib
configure:18386: result: /usr/bin/ranlib
configure:18459: checking for strip
configure:18482: found /usr/bin/strip
configure:18494: result: /usr/bin/strip
configure:18567: checking for gcov
configure:18590: found /usr/bin/gcov
configure:18602: result: /usr/bin/gcov
configure:18626: checking for lcov
configure:18664: result: no
configure:18673: checking for python3.6
configure:18711: result: no
configure:18673: checking for python3.5
configure:18711: result: no
configure:18673: checking for python3.4
configure:18711: result: no
configure:18673: checking for python3
configure:18696: found /usr/bin/python3
configure:18708: result: /usr/bin/python3
configure:18721: checking for genhtml
configure:18759: result: no
configure:18766: checking for git
configure:18789: found /usr/bin/git
configure:18801: result: /usr/bin/git
configure:18811: checking for ccache
configure:18849: result: no
configure:18856: checking for xgettext
configure:18879: found /usr/bin/xgettext
configure:18891: result: /usr/bin/xgettext
configure:18901: checking for hexdump
configure:18924: found /usr/bin/hexdump
configure:18936: result: /usr/bin/hexdump
configure:18995: checking for readelf
configure:19018: found /usr/bin/readelf
configure:19030: result: /usr/bin/readelf
configure:19103: checking for c++filt
configure:19126: found /usr/bin/c++filt
configure:19138: result: /usr/bin/c++filt
configure:19211: checking for objcopy
configure:19234: found /usr/bin/objcopy
configure:19246: result: /usr/bin/objcopy
configure:19485: checking whether C++ compiler accepts -Werror
configure:19505: g++ -std=c++11 -c -g -O2  -Werror -I/usr/local/include conftest.cpp >&5
configure:19505: $? = 0
configure:19514: result: yes
configure:19584: checking whether C++ compiler accepts -Wall
configure:19604: g++ -std=c++11 -c -g -O2 -Werror -Wall -I/usr/local/include conftest.cpp >&5
configure:19604: $? = 0
configure:19614: result: yes
configure:19624: checking whether C++ compiler accepts -Wextra
configure:19644: g++ -std=c++11 -c -g -O2 -Wall -Werror -Wextra -I/usr/local/include conftest.cpp >&5
configure:19644: $? = 0
configure:19654: result: yes
configure:19664: checking whether C++ compiler accepts -Wformat
configure:19684: g++ -std=c++11 -c -g -O2 -Wall -Wextra -Werror -Wformat -I/usr/local/include conftest.cpp >&5
configure:19684: $? = 0
configure:19694: result: yes
configure:19704: checking whether C++ compiler accepts -Wvla
configure:19724: g++ -std=c++11 -c -g -O2 -Wall -Wextra -Wformat -Werror -Wvla -I/usr/local/include conftest.cpp >&5
configure:19724: $? = 0
configure:19734: result: yes
configure:19744: checking whether C++ compiler accepts -Wformat-security
configure:19764: g++ -std=c++11 -c -g -O2 -Wall -Wextra -Wformat -Wvla -Werror -Wformat-security -I/usr/local/include conftest.cpp >&5
configure:19764: $? = 0
configure:19774: result: yes
configure:19788: checking whether C++ compiler accepts -Wunused-parameter
configure:19808: g++ -std=c++11 -c -g -O2 -Wall -Wextra -Wformat -Wvla -Wformat-security -Werror -Wunused-parameter -I/usr/local/include conftest.cpp >&5
configure:19808: $? = 0
configure:19818: result: yes
configure:19828: checking whether C++ compiler accepts -Wself-assign
configure:19848: g++ -std=c++11 -c -g -O2 -Wall -Wextra -Wformat -Wvla -Wformat-security -Wno-unused-parameter -Werror -Wself-assign -I/usr/local/include conftest.cpp >&5
g++: error: unrecognized command-line option '-Wself-assign'
configure:19848: $? = 1
configure: failed program was:
| /* confdefs.h */
| #define PACKAGE_NAME "Bitcoin Core"
| #define PACKAGE_TARNAME "bitcoin"
| #define PACKAGE_VERSION "0.15.2"
| #define PACKAGE_STRING "Bitcoin Core 0.15.2"
| #define PACKAGE_BUGREPORT "https://github.com/bitcoin/bitcoin/issues"
| #define PACKAGE_URL "https://bitcoincore.org/"
| #define HAVE_CXX11 1
| #define HAVE_STDIO_H 1
| #define HAVE_STDLIB_H 1
| #define HAVE_STRING_H 1
| #define HAVE_INTTYPES_H 1
| #define HAVE_STDINT_H 1
| #define HAVE_STRINGS_H 1
| #define HAVE_SYS_STAT_H 1
| #define HAVE_SYS_TYPES_H 1
| #define HAVE_UNISTD_H 1
| #define STDC_HEADERS 1
| #define HAVE_DLFCN_H 1
| #define LT_OBJDIR ".libs/"
| /* end confdefs.h.  */
| 
| int
| main (void)
| {
| 
|   ;
|   return 0;
| }
configure:19858: result: no
configure:19868: checking whether C++ compiler accepts -Wunused-local-typedef
configure:19888: g++ -std=c++11 -c -g -O2 -Wall -Wextra -Wformat -Wvla -Wformat-security -Wno-unused-parameter -Werror -Wunused-local-typedef -I/usr/local/include conftest.cpp >&5
g++: error: unrecognized command-line option '-Wunused-local-typedef'; did you mean '-Wunused-local-typedefs'?
configure:19888: $? = 1
configure: failed program was:
| /* confdefs.h */
| #define PACKAGE_NAME "Bitcoin Core"
| #define PACKAGE_TARNAME "bitcoin"
| #define PACKAGE_VERSION "0.15.2"
| #define PACKAGE_STRING "Bitcoin Core 0.15.2"
| #define PACKAGE_BUGREPORT "https://github.com/bitcoin/bitcoin/issues"
| #define PACKAGE_URL "https://bitcoincore.org/"
| #define HAVE_CXX11 1
| #define HAVE_STDIO_H 1
| #define HAVE_STDLIB_H 1
| #define HAVE_STRING_H 1
| #define HAVE_INTTYPES_H 1
| #define HAVE_STDINT_H 1
| #define HAVE_STRINGS_H 1
| #define HAVE_SYS_STAT_H 1
| #define HAVE_SYS_TYPES_H 1
| #define HAVE_UNISTD_H 1
| #define STDC_HEADERS 1
| #define HAVE_DLFCN_H 1
| #define LT_OBJDIR ".libs/"
| /* end confdefs.h.  */
| 
| int
| main (void)
| {
| 
|   ;
|   return 0;
| }
configure:19898: result: no
configure:19908: checking whether C++ compiler accepts -Wdeprecated-register
configure:19928: g++ -std=c++11 -c -g -O2 -Wall -Wextra -Wformat -Wvla -Wformat-security -Wno-unused-parameter -Werror -Wdeprecated-register -I/usr/local/include conftest.cpp >&5
g++: error: unrecognized command-line option '-Wdeprecated-register'; did you mean '-Wdeprecated-copy-dtor'?
configure:19928: $? = 1
configure: failed program was:
| /* confdefs.h */
| #define PACKAGE_NAME "Bitcoin Core"
| #define PACKAGE_TARNAME "bitcoin"
| #define PACKAGE_VERSION "0.15.2"
| #define PACKAGE_STRING "Bitcoin Core 0.15.2"
| #define PACKAGE_BUGREPORT "https://github.com/bitcoin/bitcoin/issues"
| #define PACKAGE_URL "https://bitcoincore.org/"
| #define HAVE_CXX11 1
| #define HAVE_STDIO_H 1
| #define HAVE_STDLIB_H 1
| #define HAVE_STRING_H 1
| #define HAVE_INTTYPES_H 1
| #define HAVE_STDINT_H 1
| #define HAVE_STRINGS_H 1
| #define HAVE_SYS_STAT_H 1
| #define HAVE_SYS_TYPES_H 1
| #define HAVE_UNISTD_H 1
| #define STDC_HEADERS 1
| #define HAVE_DLFCN_H 1
| #define LT_OBJDIR ".libs/"
| /* end confdefs.h.  */
| 
| int
| main (void)
| {
| 
|   ;
|   return 0;
| }
configure:19938: result: no
configure:19948: checking whether C++ compiler accepts -Wimplicit-fallthrough
configure:19968: g++ -std=c++11 -c -g -O2 -Wall -Wextra -Wformat -Wvla -Wformat-security -Wno-unused-parameter -Werror -Wimplicit-fallthrough -I/usr/local/include conftest.cpp >&5
configure:19968: $? = 0
configure:19978: result: yes
configure:19993: checking whether C++ compiler accepts -msse4.2
configure:20013: g++ -std=c++11 -c -g -O2 -Wall -Wextra -Wformat -Wvla -Wformat-security -Wno-unused-parameter -Wno-implicit-fallthrough -Werror -msse4.2 -I/usr/local/include conftest.cpp >&5
configure:20013: $? = 0
configure:20023: result: yes
configure:20035: checking for assembler crc32 support
configure:20061: g++ -std=c++11 -c -g -O2 -Wall -Wextra -Wformat -Wvla -Wformat-security -Wno-unused-parameter -Wno-implicit-fallthrough -msse4.2 -I/usr/local/include conftest.cpp >&5
configure:20061: $? = 0
configure:20063: result: yes
configure:21892: checking for pkg-config
configure:21915: found /usr/bin/pkg-config
configure:21927: result: /usr/bin/pkg-config
configure:21952: checking pkg-config is at least version 0.9.0
configure:21955: result: yes
configure:22076: checking whether byte ordering is bigendian
configure:22092: g++ -std=c++11 -c -g -O2 -Wall -Wextra -Wformat -Wvla -Wformat-security -Wno-unused-parameter -Wno-implicit-fallthrough -I/usr/local/include -DHAVE_BUILD_INFO -D__STDC_FORMAT_MACROS conftest.cpp >&5
conftest.cpp:23:16: error: expected unqualified-id before 'not' token
   23 |                not a universal capable compiler
      |                ^~~
configure:22092: $? = 1
configure: failed program was:
| /* confdefs.h */
| #define PACKAGE_NAME "Bitcoin Core"
| #define PACKAGE_TARNAME "bitcoin"
| #define PACKAGE_VERSION "0.15.2"
| #define PACKAGE_STRING "Bitcoin Core 0.15.2"
| #define PACKAGE_BUGREPORT "https://github.com/bitcoin/bitcoin/issues"
| #define PACKAGE_URL "https://bitcoincore.org/"
| #define HAVE_CXX11 1
| #define HAVE_STDIO_H 1
| #define HAVE_STDLIB_H 1
| #define HAVE_STRING_H 1
| #define HAVE_INTTYPES_H 1
| #define HAVE_STDINT_H 1
| #define HAVE_STRINGS_H 1
| #define HAVE_SYS_STAT_H 1
| #define HAVE_SYS_TYPES_H 1
| #define HAVE_UNISTD_H 1
| #define STDC_HEADERS 1
| #define HAVE_DLFCN_H 1
| #define LT_OBJDIR ".libs/"
| /* end confdefs.h.  */
| #ifndef __APPLE_CC__
| 	       not a universal capable compiler
| 	     #endif
| 	     typedef int dummy;
| 
configure:22138: g++ -std=c++11 -c -g -O2 -Wall -Wextra -Wformat -Wvla -Wformat-security -Wno-unused-parameter -Wno-implicit-fallthrough -I/usr/local/include -DHAVE_BUILD_INFO -D__STDC_FORMAT_MACROS conftest.cpp >&5
configure:22138: $? = 0
configure:22157: g++ -std=c++11 -c -g -O2 -Wall -Wextra -Wformat -Wvla -Wformat-security -Wno-unused-parameter -Wno-implicit-fallthrough -I/usr/local/include -DHAVE_BUILD_INFO -D__STDC_FORMAT_MACROS conftest.cpp >&5
conftest.cpp: In function 'int main()':
conftest.cpp:29:22: error: 'big' was not declared in this scope
   29 |                  not big endian
      |                      ^~~
configure:22157: $? = 1
configure: failed program was:
| /* confdefs.h */
| #define PACKAGE_NAME "Bitcoin Core"
| #define PACKAGE_TARNAME "bitcoin"
| #define PACKAGE_VERSION "0.15.2"
| #define PACKAGE_STRING "Bitcoin Core 0.15.2"
| #define PACKAGE_BUGREPORT "https://github.com/bitcoin/bitcoin/issues"
| #define PACKAGE_URL "https://bitcoincore.org/"
| #define HAVE_CXX11 1
| #define HAVE_STDIO_H 1
| #define HAVE_STDLIB_H 1
| #define HAVE_STRING_H 1
| #define HAVE_INTTYPES_H 1
| #define HAVE_STDINT_H 1
| #define HAVE_STRINGS_H 1
| #define HAVE_SYS_STAT_H 1
| #define HAVE_SYS_TYPES_H 1
| #define HAVE_UNISTD_H 1
| #define STDC_HEADERS 1
| #define HAVE_DLFCN_H 1
| #define LT_OBJDIR ".libs/"
| /* end confdefs.h.  */
| #include <sys/types.h>
| 		#include <sys/param.h>
| 
| int
| main (void)
| {
| #if BYTE_ORDER != BIG_ENDIAN
| 		 not big endian
| 		#endif
| 
|   ;
|   return 0;
| }
configure:22291: result: no
configure:22315: checking how to run the C preprocessor
configure:22341: gcc -E -I/usr/local/include -DHAVE_BUILD_INFO -D__STDC_FORMAT_MACROS conftest.c
configure:22341: $? = 0
configure:22356: gcc -E -I/usr/local/include -DHAVE_BUILD_INFO -D__STDC_FORMAT_MACROS conftest.c
conftest.c:22:10: fatal error: ac_nonexistent.h: No such file or directory
   22 | #include <ac_nonexistent.h>
      |          ^~~~~~~~~~~~~~~~~~
compilation terminated.
configure:22356: $? = 1
configure: failed program was:
| /* confdefs.h */
| #define PACKAGE_NAME "Bitcoin Core"
| #define PACKAGE_TARNAME "bitcoin"
| #define PACKAGE_VERSION "0.15.2"
| #define PACKAGE_STRING "Bitcoin Core 0.15.2"
| #define PACKAGE_BUGREPORT "https://github.com/bitcoin/bitcoin/issues"
| #define PACKAGE_URL "https://bitcoincore.org/"
| #define HAVE_CXX11 1
| #define HAVE_STDIO_H 1
| #define HAVE_STDLIB_H 1
| #define HAVE_STRING_H 1
| #define HAVE_INTTYPES_H 1
| #define HAVE_STDINT_H 1
| #define HAVE_STRINGS_H 1
| #define HAVE_SYS_STAT_H 1
| #define HAVE_SYS_TYPES_H 1
| #define HAVE_UNISTD_H 1
| #define STDC_HEADERS 1
| #define HAVE_DLFCN_H 1
| #define LT_OBJDIR ".libs/"
| /* end confdefs.h.  */
| #include <ac_nonexistent.h>
configure:22383: result: gcc -E
configure:22397: gcc -E -I/usr/local/include -DHAVE_BUILD_INFO -D__STDC_FORMAT_MACROS conftest.c
configure:22397: $? = 0
configure:22412: gcc -E -I/usr/local/include -DHAVE_BUILD_INFO -D__STDC_FORMAT_MACROS conftest.c
conftest.c:22:10: fatal error: ac_nonexistent.h: No such file or directory
   22 | #include <ac_nonexistent.h>
      |          ^~~~~~~~~~~~~~~~~~
compilation terminated.
configure:22412: $? = 1
configure: failed program was:
| /* confdefs.h */
| #define PACKAGE_NAME "Bitcoin Core"
| #define PACKAGE_TARNAME "bitcoin"
| #define PACKAGE_VERSION "0.15.2"
| #define PACKAGE_STRING "Bitcoin Core 0.15.2"
| #define PACKAGE_BUGREPORT "https://github.com/bitcoin/bitcoin/issues"
| #define PACKAGE_URL "https://bitcoincore.org/"
| #define HAVE_CXX11 1
| #define HAVE_STDIO_H 1
| #define HAVE_STDLIB_H 1
| #define HAVE_STRING_H 1
| #define HAVE_INTTYPES_H 1
| #define HAVE_STDINT_H 1
| #define HAVE_STRINGS_H 1
| #define HAVE_SYS_STAT_H 1
| #define HAVE_SYS_TYPES_H 1
| #define HAVE_UNISTD_H 1
| #define STDC_HEADERS 1
| #define HAVE_DLFCN_H 1
| #define LT_OBJDIR ".libs/"
| /* end confdefs.h.  */
| #include <ac_nonexistent.h>
configure:22628: checking whether gcc is Clang
configure:22655: result: no
configure:22783: checking whether pthreads work with -pthread
configure:22883: gcc -o conftest -g -O2 -pthread -I/usr/local/include -DHAVE_BUILD_INFO -D__STDC_FORMAT_MACROS -L/usr/local/lib conftest.c   >&5
configure:22883: $? = 0
configure:22893: result: yes
configure:22913: checking for joinable pthread attribute
configure:22932: gcc -o conftest -g -O2 -pthread -I/usr/local/include -DHAVE_BUILD_INFO -D__STDC_FORMAT_MACROS -L/usr/local/lib conftest.c   >&5
configure:22932: $? = 0
configure:22941: result: PTHREAD_CREATE_JOINABLE
configure:22954: checking whether more special flags are required for pthreads
configure:22968: result: no
configure:22977: checking for PTHREAD_PRIO_INHERIT
configure:22994: gcc -o conftest -g -O2 -pthread -I/usr/local/include -DHAVE_BUILD_INFO -D__STDC_FORMAT_MACROS -L/usr/local/lib conftest.c   >&5
configure:22994: $? = 0
configure:23004: result: yes
configure:23125: checking for special C compiler options needed for large files
configure:23173: result: no
configure:23179: checking for _FILE_OFFSET_BITS value needed for large files
configure:23205: g++ -std=c++11 -c -g -O2 -Wall -Wextra -Wformat -Wvla -Wformat-security -Wno-unused-parameter -Wno-implicit-fallthrough -I/usr/local/include -DHAVE_BUILD_INFO -D__STDC_FORMAT_MACROS conftest.cpp >&5
configure:23205: $? = 0
configure:23239: result: no
configure:23322: checking for g++ -std=c++11 options needed to detect all undeclared functions
configure:23344: g++ -std=c++11 -c -g -O2 -Wall -Wextra -Wformat -Wvla -Wformat-security -Wno-unused-parameter -Wno-implicit-fallthrough -I/usr/local/include -DHAVE_BUILD_INFO -D__STDC_FORMAT_MACROS conftest.cpp >&5
conftest.cpp: In function 'int main()':
conftest.cpp:28:8: error: 'strchr' was not declared in this scope
   28 | (void) strchr;
      |        ^~~~~~
conftest.cpp:1:1: note: 'strchr' is defined in header '<cstring>'; did you forget to '#include <cstring>'?
    1 | /* confdefs.h */
configure:23344: $? = 1
configure: failed program was:
| /* confdefs.h */
| #define PACKAGE_NAME "Bitcoin Core"
| #define PACKAGE_TARNAME "bitcoin"
| #define PACKAGE_VERSION "0.15.2"
| #define PACKAGE_STRING "Bitcoin Core 0.15.2"
| #define PACKAGE_BUGREPORT "https://github.com/bitcoin/bitcoin/issues"
| #define PACKAGE_URL "https://bitcoincore.org/"
| #define HAVE_CXX11 1
| #define HAVE_STDIO_H 1
| #define HAVE_STDLIB_H 1
| #define HAVE_STRING_H 1
| #define HAVE_INTTYPES_H 1
| #define HAVE_STDINT_H 1
| #define HAVE_STRINGS_H 1
| #define HAVE_SYS_STAT_H 1
| #define HAVE_SYS_TYPES_H 1
| #define HAVE_UNISTD_H 1
| #define STDC_HEADERS 1
| #define HAVE_DLFCN_H 1
| #define LT_OBJDIR ".libs/"
| #define HAVE_PTHREAD_PRIO_INHERIT 1
| #define HAVE_PTHREAD 1
| /* end confdefs.h.  */
| 
| int
| main (void)
| {
| (void) strchr;
|   ;
|   return 0;
| }
configure:23371: g++ -std=c++11 -c -g -O2 -Wall -Wextra -Wformat -Wvla -Wformat-security -Wno-unused-parameter -Wno-implicit-fallthrough -I/usr/local/include -DHAVE_BUILD_INFO -D__STDC_FORMAT_MACROS conftest.cpp >&5
configure:23371: $? = 0
configure:23388: result: none needed
configure:23402: checking whether strerror_r is declared
configure:23402: g++ -std=c++11 -c -g -O2 -Wall -Wextra -Wformat -Wvla -Wformat-security -Wno-unused-parameter -Wno-implicit-fallthrough  -I/usr/local/include -DHAVE_BUILD_INFO -D__STDC_FORMAT_MACROS conftest.cpp >&5
configure:23402: $? = 0
configure:23402: result: yes
configure:23421: checking whether strerror_r returns char *
configure:23446: g++ -std=c++11 -c -g -O2 -Wall -Wextra -Wformat -Wvla -Wformat-security -Wno-unused-parameter -Wno-implicit-fallthrough -I/usr/local/include -DHAVE_BUILD_INFO -D__STDC_FORMAT_MACROS conftest.cpp >&5
configure:23446: $? = 0
configure:23455: result: yes
configure:23476: checking whether the linker accepts -Wl,--large-address-aware
configure:23496: g++ -std=c++11 -o conftest -g -O2 -Wall -Wextra -Wformat -Wvla -Wformat-security -Wno-unused-parameter -Wno-implicit-fallthrough -I/usr/local/include -DHAVE_BUILD_INFO -D__STDC_FORMAT_MACROS -L/usr/local/lib  -Wl,--large-address-aware conftest.cpp  >&5
/usr/bin/ld: unrecognized option '--large-address-aware'
/usr/bin/ld: use the --help option for usage information
collect2: error: ld returned 1 exit status
configure:23496: $? = 1
configure: failed program was:
| /* confdefs.h */
| #define PACKAGE_NAME "Bitcoin Core"
| #define PACKAGE_TARNAME "bitcoin"
| #define PACKAGE_VERSION "0.15.2"
| #define PACKAGE_STRING "Bitcoin Core 0.15.2"
| #define PACKAGE_BUGREPORT "https://github.com/bitcoin/bitcoin/issues"
| #define PACKAGE_URL "https://bitcoincore.org/"
| #define HAVE_CXX11 1
| #define HAVE_STDIO_H 1
| #define HAVE_STDLIB_H 1
| #define HAVE_STRING_H 1
| #define HAVE_INTTYPES_H 1
| #define HAVE_STDINT_H 1
| #define HAVE_STRINGS_H 1
| #define HAVE_SYS_STAT_H 1
| #define HAVE_SYS_TYPES_H 1
| #define HAVE_UNISTD_H 1
| #define STDC_HEADERS 1
| #define HAVE_DLFCN_H 1
| #define LT_OBJDIR ".libs/"
| #define HAVE_PTHREAD_PRIO_INHERIT 1
| #define HAVE_PTHREAD 1
| #define HAVE_DECL_STRERROR_R 1
| #define HAVE_STRERROR_R 1
| #define STRERROR_R_CHAR_P 1
| /* end confdefs.h.  */
| 
| int
| main (void)
| {
| 
|   ;
|   return 0;
| }
configure:23506: result: no
configure:23519: checking for __attribute__((visibility))
configure:23544: g++ -std=c++11 -o conftest -g -O2 -Wall -Wextra -Wformat -Wvla -Wformat-security -Wno-unused-parameter -Wno-implicit-fallthrough -I/usr/local/include -DHAVE_BUILD_INFO -D__STDC_FORMAT_MACROS -L/usr/local/lib conftest.cpp  >&5
configure:23544: $? = 0
configure:23559: result: yes
configure:23574: checking for __attribute__((dllexport))
configure:23596: g++ -std=c++11 -o conftest -g -O2 -Wall -Wextra -Wformat -Wvla -Wformat-security -Wno-unused-parameter -Wno-implicit-fallthrough -I/usr/local/include -DHAVE_BUILD_INFO -D__STDC_FORMAT_MACROS -L/usr/local/lib conftest.cpp  >&5
conftest.cpp:30:62: warning: 'dllexport' attribute directive ignored [-Wattributes]
   30 |                     __attribute__((dllexport)) int foo( void ) { return 0; }
      |                                                              ^
configure:23596: $? = 0
configure:23611: result: no
configure:23626: checking for __attribute__((dllimport))
configure:23648: g++ -std=c++11 -o conftest -g -O2 -Wall -Wextra -Wformat -Wvla -Wformat-security -Wno-unused-parameter -Wno-implicit-fallthrough -I/usr/local/include -DHAVE_BUILD_INFO -D__STDC_FORMAT_MACROS -L/usr/local/lib conftest.cpp  >&5
conftest.cpp:30:62: warning: 'dllimport' attribute directive ignored [-Wattributes]
   30 |                     int foo( void ) __attribute__((dllimport));
      |                                                              ^
configure:23648: $? = 0
configure:23663: result: no
configure:23758: checking for library containing clock_gettime
configure:23787: g++ -std=c++11 -o conftest -g -O2 -Wall -Wextra -Wformat -Wvla -Wformat-security -Wno-unused-parameter -Wno-implicit-fallthrough -I/usr/local/include -DHAVE_BUILD_INFO -D__STDC_FORMAT_MACROS -L/usr/local/lib conftest.cpp  >&5
configure:23787: $? = 0
configure:23807: result: none required
configure:23820: checking whether C++ compiler accepts -fPIC
configure:23840: g++ -std=c++11 -c -g -O2 -Wall -Wextra -Wformat -Wvla -Wformat-security -Wno-unused-parameter -Wno-implicit-fallthrough  -fPIC -I/usr/local/include -DHAVE_BUILD_INFO -D__STDC_FORMAT_MACROS conftest.cpp >&5
configure:23840: $? = 0
configure:23849: result: yes
configure:23861: checking whether C++ compiler accepts -Wstack-protector
configure:23881: g++ -std=c++11 -c -g -O2 -Wall -Wextra -Wformat -Wvla -Wformat-security -Wno-unused-parameter -Wno-implicit-fallthrough  -Wstack-protector -I/usr/local/include -DHAVE_BUILD_INFO -D__STDC_FORMAT_MACROS conftest.cpp >&5
configure:23881: $? = 0
configure:23890: result: yes
configure:23899: checking whether C++ compiler accepts -fstack-protector-all
configure:23919: g++ -std=c++11 -c -g -O2 -Wall -Wextra -Wformat -Wvla -Wformat-security -Wno-unused-parameter -Wno-implicit-fallthrough  -fstack-protector-all -I/usr/local/include -DHAVE_BUILD_INFO -D__STDC_FORMAT_MACROS conftest.cpp >&5
configure:23919: $? = 0
configure:23928: result: yes
configure:23939: checking whether C++ preprocessor accepts -D_FORTIFY_SOURCE=2
configure:23959: g++ -std=c++11 -E -I/usr/local/include -DHAVE_BUILD_INFO -D__STDC_FORMAT_MACROS  -D_FORTIFY_SOURCE=2 conftest.cpp
configure:23959: $? = 0
configure:23968: result: yes
configure:23973: checking whether C++ preprocessor accepts -U_FORTIFY_SOURCE
configure:23993: g++ -std=c++11 -E -I/usr/local/include -DHAVE_BUILD_INFO -D__STDC_FORMAT_MACROS  -U_FORTIFY_SOURCE conftest.cpp
configure:23993: $? = 0
configure:24002: result: yes
configure:24020: checking whether the linker accepts -Wl,--dynamicbase
configure:24040: g++ -std=c++11 -o conftest -g -O2 -Wall -Wextra -Wformat -Wvla -Wformat-security -Wno-unused-parameter -Wno-implicit-fallthrough -I/usr/local/include -DHAVE_BUILD_INFO -D__STDC_FORMAT_MACROS -L/usr/local/lib  -Wl,--dynamicbase conftest.cpp  >&5
/usr/bin/ld: unrecognized option '--dynamicbase'
/usr/bin/ld: use the --help option for usage information
collect2: error: ld returned 1 exit status
configure:24040: $? = 1
configure: failed program was:
| /* confdefs.h */
| #define PACKAGE_NAME "Bitcoin Core"
| #define PACKAGE_TARNAME "bitcoin"
| #define PACKAGE_VERSION "0.15.2"
| #define PACKAGE_STRING "Bitcoin Core 0.15.2"
| #define PACKAGE_BUGREPORT "https://github.com/bitcoin/bitcoin/issues"
| #define PACKAGE_URL "https://bitcoincore.org/"
| #define HAVE_CXX11 1
| #define HAVE_STDIO_H 1
| #define HAVE_STDLIB_H 1
| #define HAVE_STRING_H 1
| #define HAVE_INTTYPES_H 1
| #define HAVE_STDINT_H 1
| #define HAVE_STRINGS_H 1
| #define HAVE_SYS_STAT_H 1
| #define HAVE_SYS_TYPES_H 1
| #define HAVE_UNISTD_H 1
| #define STDC_HEADERS 1
| #define HAVE_DLFCN_H 1
| #define LT_OBJDIR ".libs/"
| #define HAVE_PTHREAD_PRIO_INHERIT 1
| #define HAVE_PTHREAD 1
| #define HAVE_DECL_STRERROR_R 1
| #define HAVE_STRERROR_R 1
| #define STRERROR_R_CHAR_P 1
| #define HAVE_FUNC_ATTRIBUTE_VISIBILITY 1
| /* end confdefs.h.  */
| 
| int
| main (void)
| {
| 
|   ;
|   return 0;
| }
configure:24050: result: no
configure:24059: checking whether the linker accepts -Wl,--nxcompat
configure:24079: g++ -std=c++11 -o conftest -g -O2 -Wall -Wextra -Wformat -Wvla -Wformat-security -Wno-unused-parameter -Wno-implicit-fallthrough -I/usr/local/include -DHAVE_BUILD_INFO -D__STDC_FORMAT_MACROS -L/usr/local/lib  -Wl,--nxcompat conftest.cpp  >&5
/usr/bin/ld: unrecognized option '--nxcompat'
/usr/bin/ld: use the --help option for usage information
collect2: error: ld returned 1 exit status
configure:24079: $? = 1
configure: failed program was:
| /* confdefs.h */
| #define PACKAGE_NAME "Bitcoin Core"
| #define PACKAGE_TARNAME "bitcoin"
| #define PACKAGE_VERSION "0.15.2"
| #define PACKAGE_STRING "Bitcoin Core 0.15.2"
| #define PACKAGE_BUGREPORT "https://github.com/bitcoin/bitcoin/issues"
| #define PACKAGE_URL "https://bitcoincore.org/"
| #define HAVE_CXX11 1
| #define HAVE_STDIO_H 1
| #define HAVE_STDLIB_H 1
| #define HAVE_STRING_H 1
| #define HAVE_INTTYPES_H 1
| #define HAVE_STDINT_H 1
| #define HAVE_STRINGS_H 1
| #define HAVE_SYS_STAT_H 1
| #define HAVE_SYS_TYPES_H 1
| #define HAVE_UNISTD_H 1
| #define STDC_HEADERS 1
| #define HAVE_DLFCN_H 1
| #define LT_OBJDIR ".libs/"
| #define HAVE_PTHREAD_PRIO_INHERIT 1
| #define HAVE_PTHREAD 1
| #define HAVE_DECL_STRERROR_R 1
| #define HAVE_STRERROR_R 1
| #define STRERROR_R_CHAR_P 1
| #define HAVE_FUNC_ATTRIBUTE_VISIBILITY 1
| /* end confdefs.h.  */
| 
| int
| main (void)
| {
| 
|   ;
|   return 0;
| }
configure:24089: result: no
configure:24098: checking whether the linker accepts -Wl,--high-entropy-va
configure:24118: g++ -std=c++11 -o conftest -g -O2 -Wall -Wextra -Wformat -Wvla -Wformat-security -Wno-unused-parameter -Wno-implicit-fallthrough -I/usr/local/include -DHAVE_BUILD_INFO -D__STDC_FORMAT_MACROS -L/usr/local/lib  -Wl,--high-entropy-va conftest.cpp  >&5
/usr/bin/ld: unrecognized option '--high-entropy-va'
/usr/bin/ld: use the --help option for usage information
collect2: error: ld returned 1 exit status
configure:24118: $? = 1
configure: failed program was:
| /* confdefs.h */
| #define PACKAGE_NAME "Bitcoin Core"
| #define PACKAGE_TARNAME "bitcoin"
| #define PACKAGE_VERSION "0.15.2"
| #define PACKAGE_STRING "Bitcoin Core 0.15.2"
| #define PACKAGE_BUGREPORT "https://github.com/bitcoin/bitcoin/issues"
| #define PACKAGE_URL "https://bitcoincore.org/"
| #define HAVE_CXX11 1
| #define HAVE_STDIO_H 1
| #define HAVE_STDLIB_H 1
| #define HAVE_STRING_H 1
| #define HAVE_INTTYPES_H 1
| #define HAVE_STDINT_H 1
| #define HAVE_STRINGS_H 1
| #define HAVE_SYS_STAT_H 1
| #define HAVE_SYS_TYPES_H 1
| #define HAVE_UNISTD_H 1
| #define STDC_HEADERS 1
| #define HAVE_DLFCN_H 1
| #define LT_OBJDIR ".libs/"
| #define HAVE_PTHREAD_PRIO_INHERIT 1
| #define HAVE_PTHREAD 1
| #define HAVE_DECL_STRERROR_R 1
| #define HAVE_STRERROR_R 1
| #define STRERROR_R_CHAR_P 1
| #define HAVE_FUNC_ATTRIBUTE_VISIBILITY 1
| /* end confdefs.h.  */
| 
| int
| main (void)
| {
| 
|   ;
|   return 0;
| }
configure:24128: result: no
configure:24137: checking whether the linker accepts -Wl,-z,relro
configure:24157: g++ -std=c++11 -o conftest -g -O2 -Wall -Wextra -Wformat -Wvla -Wformat-security -Wno-unused-parameter -Wno-implicit-fallthrough -I/usr/local/include -DHAVE_BUILD_INFO -D__STDC_FORMAT_MACROS -L/usr/local/lib  -Wl,-z,relro conftest.cpp  >&5
configure:24157: $? = 0
configure:24167: result: yes
configure:24176: checking whether the linker accepts -Wl,-z,now
configure:24196: g++ -std=c++11 -o conftest -g -O2 -Wall -Wextra -Wformat -Wvla -Wformat-security -Wno-unused-parameter -Wno-implicit-fallthrough -I/usr/local/include -DHAVE_BUILD_INFO -D__STDC_FORMAT_MACROS -L/usr/local/lib  -Wl,-z,now conftest.cpp  >&5
configure:24196: $? = 0
configure:24206: result: yes
configure:24217: checking whether C++ compiler accepts -fPIE
configure:24237: g++ -std=c++11 -c -g -O2 -Wall -Wextra -Wformat -Wvla -Wformat-security -Wno-unused-parameter -Wno-implicit-fallthrough  -fPIE -I/usr/local/include -DHAVE_BUILD_INFO -D__STDC_FORMAT_MACROS conftest.cpp >&5
configure:24237: $? = 0
configure:24246: result: yes
configure:24255: checking whether the linker accepts -pie
configure:24275: g++ -std=c++11 -o conftest -g -O2 -Wall -Wextra -Wformat -Wvla -Wformat-security -Wno-unused-parameter -Wno-implicit-fallthrough -I/usr/local/include -DHAVE_BUILD_INFO -D__STDC_FORMAT_MACROS -L/usr/local/lib  -pie conftest.cpp  >&5
configure:24275: $? = 0
configure:24285: result: yes
configure:24388: checking for endian.h
configure:24388: g++ -std=c++11 -c -g -O2 -Wall -Wextra -Wformat -Wvla -Wformat-security -Wno-unused-parameter -Wno-implicit-fallthrough -I/usr/local/include -DHAVE_BUILD_INFO -D__STDC_FORMAT_MACROS conftest.cpp >&5
configure:24388: $? = 0
configure:24388: result: yes
configure:24394: checking for sys/endian.h
configure:24394: g++ -std=c++11 -c -g -O2 -Wall -Wextra -Wformat -Wvla -Wformat-security -Wno-unused-parameter -Wno-implicit-fallthrough -I/usr/local/include -DHAVE_BUILD_INFO -D__STDC_FORMAT_MACROS conftest.cpp >&5
conftest.cpp:57:10: fatal error: sys/endian.h: No such file or directory
   57 | #include <sys/endian.h>
      |          ^~~~~~~~~~~~~~
compilation terminated.
configure:24394: $? = 1
configure: failed program was:
| /* confdefs.h */
| #define PACKAGE_NAME "Bitcoin Core"
| #define PACKAGE_TARNAME "bitcoin"
| #define PACKAGE_VERSION "0.15.2"
| #define PACKAGE_STRING "Bitcoin Core 0.15.2"
| #define PACKAGE_BUGREPORT "https://github.com/bitcoin/bitcoin/issues"
| #define PACKAGE_URL "https://bitcoincore.org/"
| #define HAVE_CXX11 1
| #define HAVE_STDIO_H 1
| #define HAVE_STDLIB_H 1
| #define HAVE_STRING_H 1
| #define HAVE_INTTYPES_H 1
| #define HAVE_STDINT_H 1
| #define HAVE_STRINGS_H 1
| #define HAVE_SYS_STAT_H 1
| #define HAVE_SYS_TYPES_H 1
| #define HAVE_UNISTD_H 1
| #define STDC_HEADERS 1
| #define HAVE_DLFCN_H 1
| #define LT_OBJDIR ".libs/"
| #define HAVE_PTHREAD_PRIO_INHERIT 1
| #define HAVE_PTHREAD 1
| #define HAVE_DECL_STRERROR_R 1
| #define HAVE_STRERROR_R 1
| #define STRERROR_R_CHAR_P 1
| #define HAVE_FUNC_ATTRIBUTE_VISIBILITY 1
| #define HAVE_ENDIAN_H 1
| /* end confdefs.h.  */
| #include <stddef.h>
| #ifdef HAVE_STDIO_H
| # include <stdio.h>
| #endif
| #ifdef HAVE_STDLIB_H
| # include <stdlib.h>
| #endif
| #ifdef HAVE_STRING_H
| # include <string.h>
| #endif
| #ifdef HAVE_INTTYPES_H
| # include <inttypes.h>
| #endif
| #ifdef HAVE_STDINT_H
| # include <stdint.h>
| #endif
| #ifdef HAVE_STRINGS_H
| # include <strings.h>
| #endif
| #ifdef HAVE_SYS_TYPES_H
| # include <sys/types.h>
| #endif
| #ifdef HAVE_SYS_STAT_H
| # include <sys/stat.h>
| #endif
| #ifdef HAVE_UNISTD_H
| # include <unistd.h>
| #endif
| #include <sys/endian.h>
configure:24394: result: no
configure:24400: checking for byteswap.h
configure:24400: g++ -std=c++11 -c -g -O2 -Wall -Wextra -Wformat -Wvla -Wformat-security -Wno-unused-parameter -Wno-implicit-fallthrough -I/usr/local/include -DHAVE_BUILD_INFO -D__STDC_FORMAT_MACROS conftest.cpp >&5
configure:24400: $? = 0
configure:24400: result: yes
configure:24406: checking for stdio.h
configure:24406: result: yes
configure:24412: checking for stdlib.h
configure:24412: result: yes
configure:24418: checking for unistd.h
configure:24418: result: yes
configure:24424: checking for strings.h
configure:24424: result: yes
configure:24430: checking for sys/types.h
configure:24430: result: yes
configure:24436: checking for sys/stat.h
configure:24436: result: yes
configure:24442: checking for sys/select.h
configure:24442: g++ -std=c++11 -c -g -O2 -Wall -Wextra -Wformat -Wvla -Wformat-security -Wno-unused-parameter -Wno-implicit-fallthrough -I/usr/local/include -DHAVE_BUILD_INFO -D__STDC_FORMAT_MACROS conftest.cpp >&5
configure:24442: $? = 0
configure:24442: result: yes
configure:24448: checking for sys/prctl.h
configure:24448: g++ -std=c++11 -c -g -O2 -Wall -Wextra -Wformat -Wvla -Wformat-security -Wno-unused-parameter -Wno-implicit-fallthrough -I/usr/local/include -DHAVE_BUILD_INFO -D__STDC_FORMAT_MACROS conftest.cpp >&5
configure:24448: $? = 0
configure:24448: result: yes
configure:24456: checking whether strnlen is declared
configure:24456: g++ -std=c++11 -c -g -O2 -Wall -Wextra -Wformat -Wvla -Wformat-security -Wno-unused-parameter -Wno-implicit-fallthrough  -I/usr/local/include -DHAVE_BUILD_INFO -D__STDC_FORMAT_MACROS conftest.cpp >&5
configure:24456: $? = 0
configure:24456: result: yes
configure:24467: checking whether daemon is declared
configure:24467: g++ -std=c++11 -c -g -O2 -Wall -Wextra -Wformat -Wvla -Wformat-security -Wno-unused-parameter -Wno-implicit-fallthrough  -I/usr/local/include -DHAVE_BUILD_INFO -D__STDC_FORMAT_MACROS conftest.cpp >&5
configure:24467: $? = 0
configure:24467: result: yes
configure:24477: checking whether le16toh is declared
configure:24477: g++ -std=c++11 -c -g -O2 -Wall -Wextra -Wformat -Wvla -Wformat-security -Wno-unused-parameter -Wno-implicit-fallthrough  -I/usr/local/include -DHAVE_BUILD_INFO -D__STDC_FORMAT_MACROS conftest.cpp >&5
configure:24477: $? = 0
configure:24477: result: yes
configure:24490: checking whether le32toh is declared
configure:24490: g++ -std=c++11 -c -g -O2 -Wall -Wextra -Wformat -Wvla -Wformat-security -Wno-unused-parameter -Wno-implicit-fallthrough  -I/usr/local/include -DHAVE_BUILD_INFO -D__STDC_FORMAT_MACROS conftest.cpp >&5
configure:24490: $? = 0
configure:24490: result: yes
configure:24503: checking whether le64toh is declared
configure:24503: g++ -std=c++11 -c -g -O2 -Wall -Wextra -Wformat -Wvla -Wformat-security -Wno-unused-parameter -Wno-implicit-fallthrough  -I/usr/local/include -DHAVE_BUILD_INFO -D__STDC_FORMAT_MACROS conftest.cpp >&5
configure:24503: $? = 0
configure:24503: result: yes
configure:24516: checking whether htole16 is declared
configure:24516: g++ -std=c++11 -c -g -O2 -Wall -Wextra -Wformat -Wvla -Wformat-security -Wno-unused-parameter -Wno-implicit-fallthrough  -I/usr/local/include -DHAVE_BUILD_INFO -D__STDC_FORMAT_MACROS conftest.cpp >&5
configure:24516: $? = 0
configure:24516: result: yes
configure:24529: checking whether htole32 is declared
configure:24529: g++ -std=c++11 -c -g -O2 -Wall -Wextra -Wformat -Wvla -Wformat-security -Wno-unused-parameter -Wno-implicit-fallthrough  -I/usr/local/include -DHAVE_BUILD_INFO -D__STDC_FORMAT_MACROS conftest.cpp >&5
configure:24529: $? = 0
configure:24529: result: yes
configure:24542: checking whether htole64 is declared
configure:24542: g++ -std=c++11 -c -g -O2 -Wall -Wextra -Wformat -Wvla -Wformat-security -Wno-unused-parameter -Wno-implicit-fallthrough  -I/usr/local/include -DHAVE_BUILD_INFO -D__STDC_FORMAT_MACROS conftest.cpp >&5
configure:24542: $? = 0
configure:24542: result: yes
configure:24555: checking whether be16toh is declared
configure:24555: g++ -std=c++11 -c -g -O2 -Wall -Wextra -Wformat -Wvla -Wformat-security -Wno-unused-parameter -Wno-implicit-fallthrough  -I/usr/local/include -DHAVE_BUILD_INFO -D__STDC_FORMAT_MACROS conftest.cpp >&5
configure:24555: $? = 0
configure:24555: result: yes
configure:24568: checking whether be32toh is declared
configure:24568: g++ -std=c++11 -c -g -O2 -Wall -Wextra -Wformat -Wvla -Wformat-security -Wno-unused-parameter -Wno-implicit-fallthrough  -I/usr/local/include -DHAVE_BUILD_INFO -D__STDC_FORMAT_MACROS conftest.cpp >&5
configure:24568: $? = 0
configure:24568: result: yes
configure:24581: checking whether be64toh is declared
configure:24581: g++ -std=c++11 -c -g -O2 -Wall -Wextra -Wformat -Wvla -Wformat-security -Wno-unused-parameter -Wno-implicit-fallthrough  -I/usr/local/include -DHAVE_BUILD_INFO -D__STDC_FORMAT_MACROS conftest.cpp >&5
configure:24581: $? = 0
configure:24581: result: yes
configure:24594: checking whether htobe16 is declared
configure:24594: g++ -std=c++11 -c -g -O2 -Wall -Wextra -Wformat -Wvla -Wformat-security -Wno-unused-parameter -Wno-implicit-fallthrough  -I/usr/local/include -DHAVE_BUILD_INFO -D__STDC_FORMAT_MACROS conftest.cpp >&5
configure:24594: $? = 0
configure:24594: result: yes
configure:24607: checking whether htobe32 is declared
configure:24607: g++ -std=c++11 -c -g -O2 -Wall -Wextra -Wformat -Wvla -Wformat-security -Wno-unused-parameter -Wno-implicit-fallthrough  -I/usr/local/include -DHAVE_BUILD_INFO -D__STDC_FORMAT_MACROS conftest.cpp >&5
configure:24607: $? = 0
configure:24607: result: yes
configure:24620: checking whether htobe64 is declared
configure:24620: g++ -std=c++11 -c -g -O2 -Wall -Wextra -Wformat -Wvla -Wformat-security -Wno-unused-parameter -Wno-implicit-fallthrough  -I/usr/local/include -DHAVE_BUILD_INFO -D__STDC_FORMAT_MACROS conftest.cpp >&5
configure:24620: $? = 0
configure:24620: result: yes
configure:24635: checking whether bswap_16 is declared
configure:24635: g++ -std=c++11 -c -g -O2 -Wall -Wextra -Wformat -Wvla -Wformat-security -Wno-unused-parameter -Wno-implicit-fallthrough  -I/usr/local/include -DHAVE_BUILD_INFO -D__STDC_FORMAT_MACROS conftest.cpp >&5
configure:24635: $? = 0
configure:24635: result: yes
configure:24646: checking whether bswap_32 is declared
configure:24646: g++ -std=c++11 -c -g -O2 -Wall -Wextra -Wformat -Wvla -Wformat-security -Wno-unused-parameter -Wno-implicit-fallthrough  -I/usr/local/include -DHAVE_BUILD_INFO -D__STDC_FORMAT_MACROS conftest.cpp >&5
configure:24646: $? = 0
configure:24646: result: yes
configure:24657: checking whether bswap_64 is declared
configure:24657: g++ -std=c++11 -c -g -O2 -Wall -Wextra -Wformat -Wvla -Wformat-security -Wno-unused-parameter -Wno-implicit-fallthrough  -I/usr/local/include -DHAVE_BUILD_INFO -D__STDC_FORMAT_MACROS conftest.cpp >&5
configure:24657: $? = 0
configure:24657: result: yes
configure:24670: checking whether __builtin_clz is declared
configure:24670: g++ -std=c++11 -c -g -O2 -Wall -Wextra -Wformat -Wvla -Wformat-security -Wno-unused-parameter -Wno-implicit-fallthrough  -I/usr/local/include -DHAVE_BUILD_INFO -D__STDC_FORMAT_MACROS conftest.cpp >&5
configure:24670: $? = 0
configure:24670: result: yes
configure:24678: checking whether __builtin_clzl is declared
configure:24678: g++ -std=c++11 -c -g -O2 -Wall -Wextra -Wformat -Wvla -Wformat-security -Wno-unused-parameter -Wno-implicit-fallthrough  -I/usr/local/include -DHAVE_BUILD_INFO -D__STDC_FORMAT_MACROS conftest.cpp >&5
configure:24678: $? = 0
configure:24678: result: yes
configure:24686: checking whether __builtin_clzll is declared
configure:24686: g++ -std=c++11 -c -g -O2 -Wall -Wextra -Wformat -Wvla -Wformat-security -Wno-unused-parameter -Wno-implicit-fallthrough  -I/usr/local/include -DHAVE_BUILD_INFO -D__STDC_FORMAT_MACROS conftest.cpp >&5
configure:24686: $? = 0
configure:24686: result: yes
configure:24696: checking for MSG_NOSIGNAL
configure:24709: g++ -std=c++11 -c -g -O2 -Wall -Wextra -Wformat -Wvla -Wformat-security -Wno-unused-parameter -Wno-implicit-fallthrough -I/usr/local/include -DHAVE_BUILD_INFO -D__STDC_FORMAT_MACROS conftest.cpp >&5
conftest.cpp: In function 'int main()':
conftest.cpp:62:6: warning: unused variable 'f' [-Wunused-variable]
   62 |  int f = MSG_NOSIGNAL;
      |      ^
configure:24709: $? = 0
configure:24711: result: yes
configure:24722: checking for MSG_DONTWAIT
configure:24735: g++ -std=c++11 -c -g -O2 -Wall -Wextra -Wformat -Wvla -Wformat-security -Wno-unused-parameter -Wno-implicit-fallthrough -I/usr/local/include -DHAVE_BUILD_INFO -D__STDC_FORMAT_MACROS conftest.cpp >&5
conftest.cpp: In function 'int main()':
conftest.cpp:63:6: warning: unused variable 'f' [-Wunused-variable]
   63 |  int f = MSG_DONTWAIT;
      |      ^
configure:24735: $? = 0
configure:24737: result: yes
configure:24748: checking for getmemoryinfo
configure:24761: g++ -std=c++11 -c -g -O2 -Wall -Wextra -Wformat -Wvla -Wformat-security -Wno-unused-parameter -Wno-implicit-fallthrough -I/usr/local/include -DHAVE_BUILD_INFO -D__STDC_FORMAT_MACROS conftest.cpp >&5
conftest.cpp: In function 'int main()':
conftest.cpp:64:6: warning: unused variable 'f' [-Wunused-variable]
   64 |  int f = malloc_info(0, NULL);
      |      ^
configure:24761: $? = 0
configure:24763: result: yes
configure:24774: checking for mallopt M_ARENA_MAX
configure:24787: g++ -std=c++11 -c -g -O2 -Wall -Wextra -Wformat -Wvla -Wformat-security -Wno-unused-parameter -Wno-implicit-fallthrough -I/usr/local/include -DHAVE_BUILD_INFO -D__STDC_FORMAT_MACROS conftest.cpp >&5
configure:24787: $? = 0
configure:24789: result: yes
configure:24800: checking for visibility attribute
configure:24809: g++ -std=c++11 -o conftest -g -O2 -Wall -Wextra -Wformat -Wvla -Wformat-security -Wno-unused-parameter -Wno-implicit-fallthrough -I/usr/local/include -DHAVE_BUILD_INFO -D__STDC_FORMAT_MACROS -L/usr/local/lib conftest.cpp  >&5
configure:24809: $? = 0
configure:24815: result: yes
configure:24832: checking for Linux getrandom syscall
configure:24847: g++ -std=c++11 -c -g -O2 -Wall -Wextra -Wformat -Wvla -Wformat-security -Wno-unused-parameter -Wno-implicit-fallthrough -I/usr/local/include -DHAVE_BUILD_INFO -D__STDC_FORMAT_MACROS conftest.cpp >&5
configure:24847: $? = 0
configure:24849: result: yes
configure:24860: checking for getentropy
configure:24873: g++ -std=c++11 -c -g -O2 -Wall -Wextra -Wformat -Wvla -Wformat-security -Wno-unused-parameter -Wno-implicit-fallthrough -I/usr/local/include -DHAVE_BUILD_INFO -D__STDC_FORMAT_MACROS conftest.cpp >&5
conftest.cpp: In function 'int main()':
conftest.cpp:68:12: warning: ignoring return value of 'int getentropy(void*, size_t)' declared with attribute 'warn_unused_result' [-Wunused-result]
   68 |  getentropy(nullptr, 32)
      |  ~~~~~~~~~~^~~~~~~~~~~~~
conftest.cpp:68:12: warning: argument 1 is null but the corresponding size argument 2 value is 32 [-Wnonnull]
   68 |  getentropy(nullptr, 32)
      |  ~~~~~~~~~~^~~~~~~~~~~~~
In file included from conftest.cpp:64:
/usr/include/unistd.h:1198:5: note: in a call to function 'int getentropy(void*, size_t)' declared with attribute 'access (write_only, 1, 2)'
 1198 | int getentropy (void *__buffer, size_t __length) __wur
      |     ^~~~~~~~~~
configure:24873: $? = 0
configure:24875: result: yes
configure:24886: checking for getentropy via random.h
configure:24900: g++ -std=c++11 -c -g -O2 -Wall -Wextra -Wformat -Wvla -Wformat-security -Wno-unused-parameter -Wno-implicit-fallthrough -I/usr/local/include -DHAVE_BUILD_INFO -D__STDC_FORMAT_MACROS conftest.cpp >&5
conftest.cpp: In function 'int main()':
conftest.cpp:70:12: warning: ignoring return value of 'int getentropy(void*, size_t)' declared with attribute 'warn_unused_result' [-Wunused-result]
   70 |  getentropy(nullptr, 32)
      |  ~~~~~~~~~~^~~~~~~~~~~~~
conftest.cpp:70:12: warning: argument 1 is null but the corresponding size argument 2 value is 32 [-Wnonnull]
   70 |  getentropy(nullptr, 32)
      |  ~~~~~~~~~~^~~~~~~~~~~~~
In file included from conftest.cpp:66:
/usr/include/x86_64-linux-gnu/sys/random.h:39:5: note: in a call to function 'int getentropy(void*, size_t)' declared with attribute 'access (write_only, 1, 2)'
   39 | int getentropy (void *__buffer, size_t __length) __wur;
      |     ^~~~~~~~~~
configure:24900: $? = 0
configure:24902: result: yes
configure:24913: checking for sysctl KERN_ARND
configure:24928: g++ -std=c++11 -c -g -O2 -Wall -Wextra -Wformat -Wvla -Wformat-security -Wno-unused-parameter -Wno-implicit-fallthrough -I/usr/local/include -DHAVE_BUILD_INFO -D__STDC_FORMAT_MACROS conftest.cpp >&5
conftest.cpp:67:12: fatal error: sys/sysctl.h: No such file or directory
   67 |   #include <sys/sysctl.h>
      |            ^~~~~~~~~~~~~~
compilation terminated.
configure:24928: $? = 1
configure: failed program was:
| /* confdefs.h */
| #define PACKAGE_NAME "Bitcoin Core"
| #define PACKAGE_TARNAME "bitcoin"
| #define PACKAGE_VERSION "0.15.2"
| #define PACKAGE_STRING "Bitcoin Core 0.15.2"
| #define PACKAGE_BUGREPORT "https://github.com/bitcoin/bitcoin/issues"
| #define PACKAGE_URL "https://bitcoincore.org/"
| #define HAVE_CXX11 1
| #define HAVE_STDIO_H 1
| #define HAVE_STDLIB_H 1
| #define HAVE_STRING_H 1
| #define HAVE_INTTYPES_H 1
| #define HAVE_STDINT_H 1
| #define HAVE_STRINGS_H 1
| #define HAVE_SYS_STAT_H 1
| #define HAVE_SYS_TYPES_H 1
| #define HAVE_UNISTD_H 1
| #define STDC_HEADERS 1
| #define HAVE_DLFCN_H 1
| #define LT_OBJDIR ".libs/"
| #define HAVE_PTHREAD_PRIO_INHERIT 1
| #define HAVE_PTHREAD 1
| #define HAVE_DECL_STRERROR_R 1
| #define HAVE_STRERROR_R 1
| #define STRERROR_R_CHAR_P 1
| #define HAVE_FUNC_ATTRIBUTE_VISIBILITY 1
| #define HAVE_ENDIAN_H 1
| #define HAVE_BYTESWAP_H 1
| #define HAVE_STDIO_H 1
| #define HAVE_STDLIB_H 1
| #define HAVE_UNISTD_H 1
| #define HAVE_STRINGS_H 1
| #define HAVE_SYS_TYPES_H 1
| #define HAVE_SYS_STAT_H 1
| #define HAVE_SYS_SELECT_H 1
| #define HAVE_SYS_PRCTL_H 1
| #define HAVE_DECL_STRNLEN 1
| #define HAVE_DECL_DAEMON 1
| #define HAVE_DECL_LE16TOH 1
| #define HAVE_DECL_LE32TOH 1
| #define HAVE_DECL_LE64TOH 1
| #define HAVE_DECL_HTOLE16 1
| #define HAVE_DECL_HTOLE32 1
| #define HAVE_DECL_HTOLE64 1
| #define HAVE_DECL_BE16TOH 1
| #define HAVE_DECL_BE32TOH 1
| #define HAVE_DECL_BE64TOH 1
| #define HAVE_DECL_HTOBE16 1
| #define HAVE_DECL_HTOBE32 1
| #define HAVE_DECL_HTOBE64 1
| #define HAVE_DECL_BSWAP_16 1
| #define HAVE_DECL_BSWAP_32 1
| #define HAVE_DECL_BSWAP_64 1
| #define HAVE_DECL___BUILTIN_CLZ 1
| #define HAVE_DECL___BUILTIN_CLZL 1
| #define HAVE_DECL___BUILTIN_CLZLL 1
| #define HAVE_MSG_NOSIGNAL 1
| #define HAVE_MSG_DONTWAIT 1
| #define HAVE_MALLOC_INFO 1
| #define HAVE_MALLOPT_ARENA_MAX 1
| #define HAVE_VISIBILITY_ATTRIBUTE 1
| #define HAVE_SYS_GETRANDOM 1
| #define HAVE_GETENTROPY 1
| #define HAVE_GETENTROPY_RAND 1
| /* end confdefs.h.  */
| #include <sys/types.h>
|   #include <sys/sysctl.h>
| int
| main (void)
| {
|  static const int name[2] = {CTL_KERN, KERN_ARND};
|     sysctl(name, 2, nullptr, nullptr, nullptr, 0);
|   ;
|   return 0;
| }
configure:24935: result: no
configure:25004: checking for Berkeley DB C++ headers
configure:25034: g++ -std=c++11 -c -g -O2 -Wall -Wextra -Wformat -Wvla -Wformat-security -Wno-unused-parameter -Wno-implicit-fallthrough -I/usr/local/include -DHAVE_BUILD_INFO -D__STDC_FORMAT_MACROS conftest.cpp >&5
conftest.cpp:67:18: fatal error: bdb4.8/db_cxx.h: No such file or directory
   67 |         #include <bdb4.8/db_cxx.h>
      |                  ^~~~~~~~~~~~~~~~~
compilation terminated.
configure:25034: $? = 1
configure: failed program was:
| /* confdefs.h */
| #define PACKAGE_NAME "Bitcoin Core"
| #define PACKAGE_TARNAME "bitcoin"
| #define PACKAGE_VERSION "0.15.2"
| #define PACKAGE_STRING "Bitcoin Core 0.15.2"
| #define PACKAGE_BUGREPORT "https://github.com/bitcoin/bitcoin/issues"
| #define PACKAGE_URL "https://bitcoincore.org/"
| #define HAVE_CXX11 1
| #define HAVE_STDIO_H 1
| #define HAVE_STDLIB_H 1
| #define HAVE_STRING_H 1
| #define HAVE_INTTYPES_H 1
| #define HAVE_STDINT_H 1
| #define HAVE_STRINGS_H 1
| #define HAVE_SYS_STAT_H 1
| #define HAVE_SYS_TYPES_H 1
| #define HAVE_UNISTD_H 1
| #define STDC_HEADERS 1
| #define HAVE_DLFCN_H 1
| #define LT_OBJDIR ".libs/"
| #define HAVE_PTHREAD_PRIO_INHERIT 1
| #define HAVE_PTHREAD 1
| #define HAVE_DECL_STRERROR_R 1
| #define HAVE_STRERROR_R 1
| #define STRERROR_R_CHAR_P 1
| #define HAVE_FUNC_ATTRIBUTE_VISIBILITY 1
| #define HAVE_ENDIAN_H 1
| #define HAVE_BYTESWAP_H 1
| #define HAVE_STDIO_H 1
| #define HAVE_STDLIB_H 1
| #define HAVE_UNISTD_H 1
| #define HAVE_STRINGS_H 1
| #define HAVE_SYS_TYPES_H 1
| #define HAVE_SYS_STAT_H 1
| #define HAVE_SYS_SELECT_H 1
| #define HAVE_SYS_PRCTL_H 1
| #define HAVE_DECL_STRNLEN 1
| #define HAVE_DECL_DAEMON 1
| #define HAVE_DECL_LE16TOH 1
| #define HAVE_DECL_LE32TOH 1
| #define HAVE_DECL_LE64TOH 1
| #define HAVE_DECL_HTOLE16 1
| #define HAVE_DECL_HTOLE32 1
| #define HAVE_DECL_HTOLE64 1
| #define HAVE_DECL_BE16TOH 1
| #define HAVE_DECL_BE32TOH 1
| #define HAVE_DECL_BE64TOH 1
| #define HAVE_DECL_HTOBE16 1
| #define HAVE_DECL_HTOBE32 1
| #define HAVE_DECL_HTOBE64 1
| #define HAVE_DECL_BSWAP_16 1
| #define HAVE_DECL_BSWAP_32 1
| #define HAVE_DECL_BSWAP_64 1
| #define HAVE_DECL___BUILTIN_CLZ 1
| #define HAVE_DECL___BUILTIN_CLZL 1
| #define HAVE_DECL___BUILTIN_CLZLL 1
| #define HAVE_MSG_NOSIGNAL 1
| #define HAVE_MSG_DONTWAIT 1
| #define HAVE_MALLOC_INFO 1
| #define HAVE_MALLOPT_ARENA_MAX 1
| #define HAVE_VISIBILITY_ATTRIBUTE 1
| #define HAVE_SYS_GETRANDOM 1
| #define HAVE_GETENTROPY 1
| #define HAVE_GETENTROPY_RAND 1
| /* end confdefs.h.  */
| 
|         #include <bdb4.8/db_cxx.h>
| 
| int
| main (void)
| {
| 
|         #if !((DB_VERSION_MAJOR == 4 && DB_VERSION_MINOR >= 8) || DB_VERSION_MAJOR > 4)
|           #error "failed to find bdb 4.8+"
|         #endif
| 
|   ;
|   return 0;
| }
configure:25034: g++ -std=c++11 -c -g -O2 -Wall -Wextra -Wformat -Wvla -Wformat-security -Wno-unused-parameter -Wno-implicit-fallthrough -I/usr/local/include -DHAVE_BUILD_INFO -D__STDC_FORMAT_MACROS conftest.cpp >&5
conftest.cpp:67:18: fatal error: libdb4.8/db_cxx.h: No such file or directory
   67 |         #include <libdb4.8/db_cxx.h>
      |                  ^~~~~~~~~~~~~~~~~~~
compilation terminated.
configure:25034: $? = 1
configure: failed program was:
| /* confdefs.h */
| #define PACKAGE_NAME "Bitcoin Core"
| #define PACKAGE_TARNAME "bitcoin"
| #define PACKAGE_VERSION "0.15.2"
| #define PACKAGE_STRING "Bitcoin Core 0.15.2"
| #define PACKAGE_BUGREPORT "https://github.com/bitcoin/bitcoin/issues"
| #define PACKAGE_URL "https://bitcoincore.org/"
| #define HAVE_CXX11 1
| #define HAVE_STDIO_H 1
| #define HAVE_STDLIB_H 1
| #define HAVE_STRING_H 1
| #define HAVE_INTTYPES_H 1
| #define HAVE_STDINT_H 1
| #define HAVE_STRINGS_H 1
| #define HAVE_SYS_STAT_H 1
| #define HAVE_SYS_TYPES_H 1
| #define HAVE_UNISTD_H 1
| #define STDC_HEADERS 1
| #define HAVE_DLFCN_H 1
| #define LT_OBJDIR ".libs/"
| #define HAVE_PTHREAD_PRIO_INHERIT 1
| #define HAVE_PTHREAD 1
| #define HAVE_DECL_STRERROR_R 1
| #define HAVE_STRERROR_R 1
| #define STRERROR_R_CHAR_P 1
| #define HAVE_FUNC_ATTRIBUTE_VISIBILITY 1
| #define HAVE_ENDIAN_H 1
| #define HAVE_BYTESWAP_H 1
| #define HAVE_STDIO_H 1
| #define HAVE_STDLIB_H 1
| #define HAVE_UNISTD_H 1
| #define HAVE_STRINGS_H 1
| #define HAVE_SYS_TYPES_H 1
| #define HAVE_SYS_STAT_H 1
| #define HAVE_SYS_SELECT_H 1
| #define HAVE_SYS_PRCTL_H 1
| #define HAVE_DECL_STRNLEN 1
| #define HAVE_DECL_DAEMON 1
| #define HAVE_DECL_LE16TOH 1
| #define HAVE_DECL_LE32TOH 1
| #define HAVE_DECL_LE64TOH 1
| #define HAVE_DECL_HTOLE16 1
| #define HAVE_DECL_HTOLE32 1
| #define HAVE_DECL_HTOLE64 1
| #define HAVE_DECL_BE16TOH 1
| #define HAVE_DECL_BE32TOH 1
| #define HAVE_DECL_BE64TOH 1
| #define HAVE_DECL_HTOBE16 1
| #define HAVE_DECL_HTOBE32 1
| #define HAVE_DECL_HTOBE64 1
| #define HAVE_DECL_BSWAP_16 1
| #define HAVE_DECL_BSWAP_32 1
| #define HAVE_DECL_BSWAP_64 1
| #define HAVE_DECL___BUILTIN_CLZ 1
| #define HAVE_DECL___BUILTIN_CLZL 1
| #define HAVE_DECL___BUILTIN_CLZLL 1
| #define HAVE_MSG_NOSIGNAL 1
| #define HAVE_MSG_DONTWAIT 1
| #define HAVE_MALLOC_INFO 1
| #define HAVE_MALLOPT_ARENA_MAX 1
| #define HAVE_VISIBILITY_ATTRIBUTE 1
| #define HAVE_SYS_GETRANDOM 1
| #define HAVE_GETENTROPY 1
| #define HAVE_GETENTROPY_RAND 1
| /* end confdefs.h.  */
| 
|         #include <libdb4.8/db_cxx.h>
| 
| int
| main (void)
| {
| 
|         #if !((DB_VERSION_MAJOR == 4 && DB_VERSION_MINOR >= 8) || DB_VERSION_MAJOR > 4)
|           #error "failed to find bdb 4.8+"
|         #endif
| 
|   ;
|   return 0;
| }
configure:25034: g++ -std=c++11 -c -g -O2 -Wall -Wextra -Wformat -Wvla -Wformat-security -Wno-unused-parameter -Wno-implicit-fallthrough -I/usr/local/include -DHAVE_BUILD_INFO -D__STDC_FORMAT_MACROS conftest.cpp >&5
conftest.cpp:67:18: fatal error: db4.8/db_cxx.h: No such file or directory
   67 |         #include <db4.8/db_cxx.h>
      |                  ^~~~~~~~~~~~~~~~
compilation terminated.
configure:25034: $? = 1
configure: failed program was:
| /* confdefs.h */
| #define PACKAGE_NAME "Bitcoin Core"
| #define PACKAGE_TARNAME "bitcoin"
| #define PACKAGE_VERSION "0.15.2"
| #define PACKAGE_STRING "Bitcoin Core 0.15.2"
| #define PACKAGE_BUGREPORT "https://github.com/bitcoin/bitcoin/issues"
| #define PACKAGE_URL "https://bitcoincore.org/"
| #define HAVE_CXX11 1
| #define HAVE_STDIO_H 1
| #define HAVE_STDLIB_H 1
| #define HAVE_STRING_H 1
| #define HAVE_INTTYPES_H 1
| #define HAVE_STDINT_H 1
| #define HAVE_STRINGS_H 1
| #define HAVE_SYS_STAT_H 1
| #define HAVE_SYS_TYPES_H 1
| #define HAVE_UNISTD_H 1
| #define STDC_HEADERS 1
| #define HAVE_DLFCN_H 1
| #define LT_OBJDIR ".libs/"
| #define HAVE_PTHREAD_PRIO_INHERIT 1
| #define HAVE_PTHREAD 1
| #define HAVE_DECL_STRERROR_R 1
| #define HAVE_STRERROR_R 1
| #define STRERROR_R_CHAR_P 1
| #define HAVE_FUNC_ATTRIBUTE_VISIBILITY 1
| #define HAVE_ENDIAN_H 1
| #define HAVE_BYTESWAP_H 1
| #define HAVE_STDIO_H 1
| #define HAVE_STDLIB_H 1
| #define HAVE_UNISTD_H 1
| #define HAVE_STRINGS_H 1
| #define HAVE_SYS_TYPES_H 1
| #define HAVE_SYS_STAT_H 1
| #define HAVE_SYS_SELECT_H 1
| #define HAVE_SYS_PRCTL_H 1
| #define HAVE_DECL_STRNLEN 1
| #define HAVE_DECL_DAEMON 1
| #define HAVE_DECL_LE16TOH 1
| #define HAVE_DECL_LE32TOH 1
| #define HAVE_DECL_LE64TOH 1
| #define HAVE_DECL_HTOLE16 1
| #define HAVE_DECL_HTOLE32 1
| #define HAVE_DECL_HTOLE64 1
| #define HAVE_DECL_BE16TOH 1
| #define HAVE_DECL_BE32TOH 1
| #define HAVE_DECL_BE64TOH 1
| #define HAVE_DECL_HTOBE16 1
| #define HAVE_DECL_HTOBE32 1
| #define HAVE_DECL_HTOBE64 1
| #define HAVE_DECL_BSWAP_16 1
| #define HAVE_DECL_BSWAP_32 1
| #define HAVE_DECL_BSWAP_64 1
| #define HAVE_DECL___BUILTIN_CLZ 1
| #define HAVE_DECL___BUILTIN_CLZL 1
| #define HAVE_DECL___BUILTIN_CLZLL 1
| #define HAVE_MSG_NOSIGNAL 1
| #define HAVE_MSG_DONTWAIT 1
| #define HAVE_MALLOC_INFO 1
| #define HAVE_MALLOPT_ARENA_MAX 1
| #define HAVE_VISIBILITY_ATTRIBUTE 1
| #define HAVE_SYS_GETRANDOM 1
| #define HAVE_GETENTROPY 1
| #define HAVE_GETENTROPY_RAND 1
| /* end confdefs.h.  */
| 
|         #include <db4.8/db_cxx.h>
| 
| int
| main (void)
| {
| 
|         #if !((DB_VERSION_MAJOR == 4 && DB_VERSION_MINOR >= 8) || DB_VERSION_MAJOR > 4)
|           #error "failed to find bdb 4.8+"
|         #endif
| 
|   ;
|   return 0;
| }
configure:25034: g++ -std=c++11 -c -g -O2 -Wall -Wextra -Wformat -Wvla -Wformat-security -Wno-unused-parameter -Wno-implicit-fallthrough -I/usr/local/include -DHAVE_BUILD_INFO -D__STDC_FORMAT_MACROS conftest.cpp >&5
conftest.cpp:67:18: fatal error: bdb48/db_cxx.h: No such file or directory
   67 |         #include <bdb48/db_cxx.h>
      |                  ^~~~~~~~~~~~~~~~
compilation terminated.
configure:25034: $? = 1
configure: failed program was:
| /* confdefs.h */
| #define PACKAGE_NAME "Bitcoin Core"
| #define PACKAGE_TARNAME "bitcoin"
| #define PACKAGE_VERSION "0.15.2"
| #define PACKAGE_STRING "Bitcoin Core 0.15.2"
| #define PACKAGE_BUGREPORT "https://github.com/bitcoin/bitcoin/issues"
| #define PACKAGE_URL "https://bitcoincore.org/"
| #define HAVE_CXX11 1
| #define HAVE_STDIO_H 1
| #define HAVE_STDLIB_H 1
| #define HAVE_STRING_H 1
| #define HAVE_INTTYPES_H 1
| #define HAVE_STDINT_H 1
| #define HAVE_STRINGS_H 1
| #define HAVE_SYS_STAT_H 1
| #define HAVE_SYS_TYPES_H 1
| #define HAVE_UNISTD_H 1
| #define STDC_HEADERS 1
| #define HAVE_DLFCN_H 1
| #define LT_OBJDIR ".libs/"
| #define HAVE_PTHREAD_PRIO_INHERIT 1
| #define HAVE_PTHREAD 1
| #define HAVE_DECL_STRERROR_R 1
| #define HAVE_STRERROR_R 1
| #define STRERROR_R_CHAR_P 1
| #define HAVE_FUNC_ATTRIBUTE_VISIBILITY 1
| #define HAVE_ENDIAN_H 1
| #define HAVE_BYTESWAP_H 1
| #define HAVE_STDIO_H 1
| #define HAVE_STDLIB_H 1
| #define HAVE_UNISTD_H 1
| #define HAVE_STRINGS_H 1
| #define HAVE_SYS_TYPES_H 1
| #define HAVE_SYS_STAT_H 1
| #define HAVE_SYS_SELECT_H 1
| #define HAVE_SYS_PRCTL_H 1
| #define HAVE_DECL_STRNLEN 1
| #define HAVE_DECL_DAEMON 1
| #define HAVE_DECL_LE16TOH 1
| #define HAVE_DECL_LE32TOH 1
| #define HAVE_DECL_LE64TOH 1
| #define HAVE_DECL_HTOLE16 1
| #define HAVE_DECL_HTOLE32 1
| #define HAVE_DECL_HTOLE64 1
| #define HAVE_DECL_BE16TOH 1
| #define HAVE_DECL_BE32TOH 1
| #define HAVE_DECL_BE64TOH 1
| #define HAVE_DECL_HTOBE16 1
| #define HAVE_DECL_HTOBE32 1
| #define HAVE_DECL_HTOBE64 1
| #define HAVE_DECL_BSWAP_16 1
| #define HAVE_DECL_BSWAP_32 1
| #define HAVE_DECL_BSWAP_64 1
| #define HAVE_DECL___BUILTIN_CLZ 1
| #define HAVE_DECL___BUILTIN_CLZL 1
| #define HAVE_DECL___BUILTIN_CLZLL 1
| #define HAVE_MSG_NOSIGNAL 1
| #define HAVE_MSG_DONTWAIT 1
| #define HAVE_MALLOC_INFO 1
| #define HAVE_MALLOPT_ARENA_MAX 1
| #define HAVE_VISIBILITY_ATTRIBUTE 1
| #define HAVE_SYS_GETRANDOM 1
| #define HAVE_GETENTROPY 1
| #define HAVE_GETENTROPY_RAND 1
| /* end confdefs.h.  */
| 
|         #include <bdb48/db_cxx.h>
| 
| int
| main (void)
| {
| 
|         #if !((DB_VERSION_MAJOR == 4 && DB_VERSION_MINOR >= 8) || DB_VERSION_MAJOR > 4)
|           #error "failed to find bdb 4.8+"
|         #endif
| 
|   ;
|   return 0;
| }
configure:25034: g++ -std=c++11 -c -g -O2 -Wall -Wextra -Wformat -Wvla -Wformat-security -Wno-unused-parameter -Wno-implicit-fallthrough -I/usr/local/include -DHAVE_BUILD_INFO -D__STDC_FORMAT_MACROS conftest.cpp >&5
conftest.cpp:67:18: fatal error: libdb48/db_cxx.h: No such file or directory
   67 |         #include <libdb48/db_cxx.h>
      |                  ^~~~~~~~~~~~~~~~~~
compilation terminated.
configure:25034: $? = 1
configure: failed program was:
| /* confdefs.h */
| #define PACKAGE_NAME "Bitcoin Core"
| #define PACKAGE_TARNAME "bitcoin"
| #define PACKAGE_VERSION "0.15.2"
| #define PACKAGE_STRING "Bitcoin Core 0.15.2"
| #define PACKAGE_BUGREPORT "https://github.com/bitcoin/bitcoin/issues"
| #define PACKAGE_URL "https://bitcoincore.org/"
| #define HAVE_CXX11 1
| #define HAVE_STDIO_H 1
| #define HAVE_STDLIB_H 1
| #define HAVE_STRING_H 1
| #define HAVE_INTTYPES_H 1
| #define HAVE_STDINT_H 1
| #define HAVE_STRINGS_H 1
| #define HAVE_SYS_STAT_H 1
| #define HAVE_SYS_TYPES_H 1
| #define HAVE_UNISTD_H 1
| #define STDC_HEADERS 1
| #define HAVE_DLFCN_H 1
| #define LT_OBJDIR ".libs/"
| #define HAVE_PTHREAD_PRIO_INHERIT 1
| #define HAVE_PTHREAD 1
| #define HAVE_DECL_STRERROR_R 1
| #define HAVE_STRERROR_R 1
| #define STRERROR_R_CHAR_P 1
| #define HAVE_FUNC_ATTRIBUTE_VISIBILITY 1
| #define HAVE_ENDIAN_H 1
| #define HAVE_BYTESWAP_H 1
| #define HAVE_STDIO_H 1
| #define HAVE_STDLIB_H 1
| #define HAVE_UNISTD_H 1
| #define HAVE_STRINGS_H 1
| #define HAVE_SYS_TYPES_H 1
| #define HAVE_SYS_STAT_H 1
| #define HAVE_SYS_SELECT_H 1
| #define HAVE_SYS_PRCTL_H 1
| #define HAVE_DECL_STRNLEN 1
| #define HAVE_DECL_DAEMON 1
| #define HAVE_DECL_LE16TOH 1
| #define HAVE_DECL_LE32TOH 1
| #define HAVE_DECL_LE64TOH 1
| #define HAVE_DECL_HTOLE16 1
| #define HAVE_DECL_HTOLE32 1
| #define HAVE_DECL_HTOLE64 1
| #define HAVE_DECL_BE16TOH 1
| #define HAVE_DECL_BE32TOH 1
| #define HAVE_DECL_BE64TOH 1
| #define HAVE_DECL_HTOBE16 1
| #define HAVE_DECL_HTOBE32 1
| #define HAVE_DECL_HTOBE64 1
| #define HAVE_DECL_BSWAP_16 1
| #define HAVE_DECL_BSWAP_32 1
| #define HAVE_DECL_BSWAP_64 1
| #define HAVE_DECL___BUILTIN_CLZ 1
| #define HAVE_DECL___BUILTIN_CLZL 1
| #define HAVE_DECL___BUILTIN_CLZLL 1
| #define HAVE_MSG_NOSIGNAL 1
| #define HAVE_MSG_DONTWAIT 1
| #define HAVE_MALLOC_INFO 1
| #define HAVE_MALLOPT_ARENA_MAX 1
| #define HAVE_VISIBILITY_ATTRIBUTE 1
| #define HAVE_SYS_GETRANDOM 1
| #define HAVE_GETENTROPY 1
| #define HAVE_GETENTROPY_RAND 1
| /* end confdefs.h.  */
| 
|         #include <libdb48/db_cxx.h>
| 
| int
| main (void)
| {
| 
|         #if !((DB_VERSION_MAJOR == 4 && DB_VERSION_MINOR >= 8) || DB_VERSION_MAJOR > 4)
|           #error "failed to find bdb 4.8+"
|         #endif
| 
|   ;
|   return 0;
| }
configure:25034: g++ -std=c++11 -c -g -O2 -Wall -Wextra -Wformat -Wvla -Wformat-security -Wno-unused-parameter -Wno-implicit-fallthrough -I/usr/local/include -DHAVE_BUILD_INFO -D__STDC_FORMAT_MACROS conftest.cpp >&5
conftest.cpp:67:18: fatal error: db48/db_cxx.h: No such file or directory
   67 |         #include <db48/db_cxx.h>
      |                  ^~~~~~~~~~~~~~~
compilation terminated.
configure:25034: $? = 1
configure: failed program was:
| /* confdefs.h */
| #define PACKAGE_NAME "Bitcoin Core"
| #define PACKAGE_TARNAME "bitcoin"
| #define PACKAGE_VERSION "0.15.2"
| #define PACKAGE_STRING "Bitcoin Core 0.15.2"
| #define PACKAGE_BUGREPORT "https://github.com/bitcoin/bitcoin/issues"
| #define PACKAGE_URL "https://bitcoincore.org/"
| #define HAVE_CXX11 1
| #define HAVE_STDIO_H 1
| #define HAVE_STDLIB_H 1
| #define HAVE_STRING_H 1
| #define HAVE_INTTYPES_H 1
| #define HAVE_STDINT_H 1
| #define HAVE_STRINGS_H 1
| #define HAVE_SYS_STAT_H 1
| #define HAVE_SYS_TYPES_H 1
| #define HAVE_UNISTD_H 1
| #define STDC_HEADERS 1
| #define HAVE_DLFCN_H 1
| #define LT_OBJDIR ".libs/"
| #define HAVE_PTHREAD_PRIO_INHERIT 1
| #define HAVE_PTHREAD 1
| #define HAVE_DECL_STRERROR_R 1
| #define HAVE_STRERROR_R 1
| #define STRERROR_R_CHAR_P 1
| #define HAVE_FUNC_ATTRIBUTE_VISIBILITY 1
| #define HAVE_ENDIAN_H 1
| #define HAVE_BYTESWAP_H 1
| #define HAVE_STDIO_H 1
| #define HAVE_STDLIB_H 1
| #define HAVE_UNISTD_H 1
| #define HAVE_STRINGS_H 1
| #define HAVE_SYS_TYPES_H 1
| #define HAVE_SYS_STAT_H 1
| #define HAVE_SYS_SELECT_H 1
| #define HAVE_SYS_PRCTL_H 1
| #define HAVE_DECL_STRNLEN 1
| #define HAVE_DECL_DAEMON 1
| #define HAVE_DECL_LE16TOH 1
| #define HAVE_DECL_LE32TOH 1
| #define HAVE_DECL_LE64TOH 1
| #define HAVE_DECL_HTOLE16 1
| #define HAVE_DECL_HTOLE32 1
| #define HAVE_DECL_HTOLE64 1
| #define HAVE_DECL_BE16TOH 1
| #define HAVE_DECL_BE32TOH 1
| #define HAVE_DECL_BE64TOH 1
| #define HAVE_DECL_HTOBE16 1
| #define HAVE_DECL_HTOBE32 1
| #define HAVE_DECL_HTOBE64 1
| #define HAVE_DECL_BSWAP_16 1
| #define HAVE_DECL_BSWAP_32 1
| #define HAVE_DECL_BSWAP_64 1
| #define HAVE_DECL___BUILTIN_CLZ 1
| #define HAVE_DECL___BUILTIN_CLZL 1
| #define HAVE_DECL___BUILTIN_CLZLL 1
| #define HAVE_MSG_NOSIGNAL 1
| #define HAVE_MSG_DONTWAIT 1
| #define HAVE_MALLOC_INFO 1
| #define HAVE_MALLOPT_ARENA_MAX 1
| #define HAVE_VISIBILITY_ATTRIBUTE 1
| #define HAVE_SYS_GETRANDOM 1
| #define HAVE_GETENTROPY 1
| #define HAVE_GETENTROPY_RAND 1
| /* end confdefs.h.  */
| 
|         #include <db48/db_cxx.h>
| 
| int
| main (void)
| {
| 
|         #if !((DB_VERSION_MAJOR == 4 && DB_VERSION_MINOR >= 8) || DB_VERSION_MAJOR > 4)
|           #error "failed to find bdb 4.8+"
|         #endif
| 
|   ;
|   return 0;
| }
configure:25034: g++ -std=c++11 -c -g -O2 -Wall -Wextra -Wformat -Wvla -Wformat-security -Wno-unused-parameter -Wno-implicit-fallthrough -I/usr/local/include -DHAVE_BUILD_INFO -D__STDC_FORMAT_MACROS conftest.cpp >&5
conftest.cpp:67:18: fatal error: bdb4/db_cxx.h: No such file or directory
   67 |         #include <bdb4/db_cxx.h>
      |                  ^~~~~~~~~~~~~~~
compilation terminated.
configure:25034: $? = 1
configure: failed program was:
| /* confdefs.h */
| #define PACKAGE_NAME "Bitcoin Core"
| #define PACKAGE_TARNAME "bitcoin"
| #define PACKAGE_VERSION "0.15.2"
| #define PACKAGE_STRING "Bitcoin Core 0.15.2"
| #define PACKAGE_BUGREPORT "https://github.com/bitcoin/bitcoin/issues"
| #define PACKAGE_URL "https://bitcoincore.org/"
| #define HAVE_CXX11 1
| #define HAVE_STDIO_H 1
| #define HAVE_STDLIB_H 1
| #define HAVE_STRING_H 1
| #define HAVE_INTTYPES_H 1
| #define HAVE_STDINT_H 1
| #define HAVE_STRINGS_H 1
| #define HAVE_SYS_STAT_H 1
| #define HAVE_SYS_TYPES_H 1
| #define HAVE_UNISTD_H 1
| #define STDC_HEADERS 1
| #define HAVE_DLFCN_H 1
| #define LT_OBJDIR ".libs/"
| #define HAVE_PTHREAD_PRIO_INHERIT 1
| #define HAVE_PTHREAD 1
| #define HAVE_DECL_STRERROR_R 1
| #define HAVE_STRERROR_R 1
| #define STRERROR_R_CHAR_P 1
| #define HAVE_FUNC_ATTRIBUTE_VISIBILITY 1
| #define HAVE_ENDIAN_H 1
| #define HAVE_BYTESWAP_H 1
| #define HAVE_STDIO_H 1
| #define HAVE_STDLIB_H 1
| #define HAVE_UNISTD_H 1
| #define HAVE_STRINGS_H 1
| #define HAVE_SYS_TYPES_H 1
| #define HAVE_SYS_STAT_H 1
| #define HAVE_SYS_SELECT_H 1
| #define HAVE_SYS_PRCTL_H 1
| #define HAVE_DECL_STRNLEN 1
| #define HAVE_DECL_DAEMON 1
| #define HAVE_DECL_LE16TOH 1
| #define HAVE_DECL_LE32TOH 1
| #define HAVE_DECL_LE64TOH 1
| #define HAVE_DECL_HTOLE16 1
| #define HAVE_DECL_HTOLE32 1
| #define HAVE_DECL_HTOLE64 1
| #define HAVE_DECL_BE16TOH 1
| #define HAVE_DECL_BE32TOH 1
| #define HAVE_DECL_BE64TOH 1
| #define HAVE_DECL_HTOBE16 1
| #define HAVE_DECL_HTOBE32 1
| #define HAVE_DECL_HTOBE64 1
| #define HAVE_DECL_BSWAP_16 1
| #define HAVE_DECL_BSWAP_32 1
| #define HAVE_DECL_BSWAP_64 1
| #define HAVE_DECL___BUILTIN_CLZ 1
| #define HAVE_DECL___BUILTIN_CLZL 1
| #define HAVE_DECL___BUILTIN_CLZLL 1
| #define HAVE_MSG_NOSIGNAL 1
| #define HAVE_MSG_DONTWAIT 1
| #define HAVE_MALLOC_INFO 1
| #define HAVE_MALLOPT_ARENA_MAX 1
| #define HAVE_VISIBILITY_ATTRIBUTE 1
| #define HAVE_SYS_GETRANDOM 1
| #define HAVE_GETENTROPY 1
| #define HAVE_GETENTROPY_RAND 1
| /* end confdefs.h.  */
| 
|         #include <bdb4/db_cxx.h>
| 
| int
| main (void)
| {
| 
|         #if !((DB_VERSION_MAJOR == 4 && DB_VERSION_MINOR >= 8) || DB_VERSION_MAJOR > 4)
|           #error "failed to find bdb 4.8+"
|         #endif
| 
|   ;
|   return 0;
| }
configure:25034: g++ -std=c++11 -c -g -O2 -Wall -Wextra -Wformat -Wvla -Wformat-security -Wno-unused-parameter -Wno-implicit-fallthrough -I/usr/local/include -DHAVE_BUILD_INFO -D__STDC_FORMAT_MACROS conftest.cpp >&5
conftest.cpp:67:18: fatal error: libdb4/db_cxx.h: No such file or directory
   67 |         #include <libdb4/db_cxx.h>
      |                  ^~~~~~~~~~~~~~~~~
compilation terminated.
configure:25034: $? = 1
configure: failed program was:
| /* confdefs.h */
| #define PACKAGE_NAME "Bitcoin Core"
| #define PACKAGE_TARNAME "bitcoin"
| #define PACKAGE_VERSION "0.15.2"
| #define PACKAGE_STRING "Bitcoin Core 0.15.2"
| #define PACKAGE_BUGREPORT "https://github.com/bitcoin/bitcoin/issues"
| #define PACKAGE_URL "https://bitcoincore.org/"
| #define HAVE_CXX11 1
| #define HAVE_STDIO_H 1
| #define HAVE_STDLIB_H 1
| #define HAVE_STRING_H 1
| #define HAVE_INTTYPES_H 1
| #define HAVE_STDINT_H 1
| #define HAVE_STRINGS_H 1
| #define HAVE_SYS_STAT_H 1
| #define HAVE_SYS_TYPES_H 1
| #define HAVE_UNISTD_H 1
| #define STDC_HEADERS 1
| #define HAVE_DLFCN_H 1
| #define LT_OBJDIR ".libs/"
| #define HAVE_PTHREAD_PRIO_INHERIT 1
| #define HAVE_PTHREAD 1
| #define HAVE_DECL_STRERROR_R 1
| #define HAVE_STRERROR_R 1
| #define STRERROR_R_CHAR_P 1
| #define HAVE_FUNC_ATTRIBUTE_VISIBILITY 1
| #define HAVE_ENDIAN_H 1
| #define HAVE_BYTESWAP_H 1
| #define HAVE_STDIO_H 1
| #define HAVE_STDLIB_H 1
| #define HAVE_UNISTD_H 1
| #define HAVE_STRINGS_H 1
| #define HAVE_SYS_TYPES_H 1
| #define HAVE_SYS_STAT_H 1
| #define HAVE_SYS_SELECT_H 1
| #define HAVE_SYS_PRCTL_H 1
| #define HAVE_DECL_STRNLEN 1
| #define HAVE_DECL_DAEMON 1
| #define HAVE_DECL_LE16TOH 1
| #define HAVE_DECL_LE32TOH 1
| #define HAVE_DECL_LE64TOH 1
| #define HAVE_DECL_HTOLE16 1
| #define HAVE_DECL_HTOLE32 1
| #define HAVE_DECL_HTOLE64 1
| #define HAVE_DECL_BE16TOH 1
| #define HAVE_DECL_BE32TOH 1
| #define HAVE_DECL_BE64TOH 1
| #define HAVE_DECL_HTOBE16 1
| #define HAVE_DECL_HTOBE32 1
| #define HAVE_DECL_HTOBE64 1
| #define HAVE_DECL_BSWAP_16 1
| #define HAVE_DECL_BSWAP_32 1
| #define HAVE_DECL_BSWAP_64 1
| #define HAVE_DECL___BUILTIN_CLZ 1
| #define HAVE_DECL___BUILTIN_CLZL 1
| #define HAVE_DECL___BUILTIN_CLZLL 1
| #define HAVE_MSG_NOSIGNAL 1
| #define HAVE_MSG_DONTWAIT 1
| #define HAVE_MALLOC_INFO 1
| #define HAVE_MALLOPT_ARENA_MAX 1
| #define HAVE_VISIBILITY_ATTRIBUTE 1
| #define HAVE_SYS_GETRANDOM 1
| #define HAVE_GETENTROPY 1
| #define HAVE_GETENTROPY_RAND 1
| /* end confdefs.h.  */
| 
|         #include <libdb4/db_cxx.h>
| 
| int
| main (void)
| {
| 
|         #if !((DB_VERSION_MAJOR == 4 && DB_VERSION_MINOR >= 8) || DB_VERSION_MAJOR > 4)
|           #error "failed to find bdb 4.8+"
|         #endif
| 
|   ;
|   return 0;
| }
configure:25034: g++ -std=c++11 -c -g -O2 -Wall -Wextra -Wformat -Wvla -Wformat-security -Wno-unused-parameter -Wno-implicit-fallthrough -I/usr/local/include -DHAVE_BUILD_INFO -D__STDC_FORMAT_MACROS conftest.cpp >&5
conftest.cpp:67:18: fatal error: db4/db_cxx.h: No such file or directory
   67 |         #include <db4/db_cxx.h>
      |                  ^~~~~~~~~~~~~~
compilation terminated.
configure:25034: $? = 1
configure: failed program was:
| /* confdefs.h */
| #define PACKAGE_NAME "Bitcoin Core"
| #define PACKAGE_TARNAME "bitcoin"
| #define PACKAGE_VERSION "0.15.2"
| #define PACKAGE_STRING "Bitcoin Core 0.15.2"
| #define PACKAGE_BUGREPORT "https://github.com/bitcoin/bitcoin/issues"
| #define PACKAGE_URL "https://bitcoincore.org/"
| #define HAVE_CXX11 1
| #define HAVE_STDIO_H 1
| #define HAVE_STDLIB_H 1
| #define HAVE_STRING_H 1
| #define HAVE_INTTYPES_H 1
| #define HAVE_STDINT_H 1
| #define HAVE_STRINGS_H 1
| #define HAVE_SYS_STAT_H 1
| #define HAVE_SYS_TYPES_H 1
| #define HAVE_UNISTD_H 1
| #define STDC_HEADERS 1
| #define HAVE_DLFCN_H 1
| #define LT_OBJDIR ".libs/"
| #define HAVE_PTHREAD_PRIO_INHERIT 1
| #define HAVE_PTHREAD 1
| #define HAVE_DECL_STRERROR_R 1
| #define HAVE_STRERROR_R 1
| #define STRERROR_R_CHAR_P 1
| #define HAVE_FUNC_ATTRIBUTE_VISIBILITY 1
| #define HAVE_ENDIAN_H 1
| #define HAVE_BYTESWAP_H 1
| #define HAVE_STDIO_H 1
| #define HAVE_STDLIB_H 1
| #define HAVE_UNISTD_H 1
| #define HAVE_STRINGS_H 1
| #define HAVE_SYS_TYPES_H 1
| #define HAVE_SYS_STAT_H 1
| #define HAVE_SYS_SELECT_H 1
| #define HAVE_SYS_PRCTL_H 1
| #define HAVE_DECL_STRNLEN 1
| #define HAVE_DECL_DAEMON 1
| #define HAVE_DECL_LE16TOH 1
| #define HAVE_DECL_LE32TOH 1
| #define HAVE_DECL_LE64TOH 1
| #define HAVE_DECL_HTOLE16 1
| #define HAVE_DECL_HTOLE32 1
| #define HAVE_DECL_HTOLE64 1
| #define HAVE_DECL_BE16TOH 1
| #define HAVE_DECL_BE32TOH 1
| #define HAVE_DECL_BE64TOH 1
| #define HAVE_DECL_HTOBE16 1
| #define HAVE_DECL_HTOBE32 1
| #define HAVE_DECL_HTOBE64 1
| #define HAVE_DECL_BSWAP_16 1
| #define HAVE_DECL_BSWAP_32 1
| #define HAVE_DECL_BSWAP_64 1
| #define HAVE_DECL___BUILTIN_CLZ 1
| #define HAVE_DECL___BUILTIN_CLZL 1
| #define HAVE_DECL___BUILTIN_CLZLL 1
| #define HAVE_MSG_NOSIGNAL 1
| #define HAVE_MSG_DONTWAIT 1
| #define HAVE_MALLOC_INFO 1
| #define HAVE_MALLOPT_ARENA_MAX 1
| #define HAVE_VISIBILITY_ATTRIBUTE 1
| #define HAVE_SYS_GETRANDOM 1
| #define HAVE_GETENTROPY 1
| #define HAVE_GETENTROPY_RAND 1
| /* end confdefs.h.  */
| 
|         #include <db4/db_cxx.h>
| 
| int
| main (void)
| {
| 
|         #if !((DB_VERSION_MAJOR == 4 && DB_VERSION_MINOR >= 8) || DB_VERSION_MAJOR > 4)
|           #error "failed to find bdb 4.8+"
|         #endif
| 
|   ;
|   return 0;
| }
configure:25034: g++ -std=c++11 -c -g -O2 -Wall -Wextra -Wformat -Wvla -Wformat-security -Wno-unused-parameter -Wno-implicit-fallthrough -I/usr/local/include -DHAVE_BUILD_INFO -D__STDC_FORMAT_MACROS conftest.cpp >&5
conftest.cpp:67:18: fatal error: bdb5/db_cxx.h: No such file or directory
   67 |         #include <bdb5/db_cxx.h>
      |                  ^~~~~~~~~~~~~~~
compilation terminated.
configure:25034: $? = 1
configure: failed program was:
| /* confdefs.h */
| #define PACKAGE_NAME "Bitcoin Core"
| #define PACKAGE_TARNAME "bitcoin"
| #define PACKAGE_VERSION "0.15.2"
| #define PACKAGE_STRING "Bitcoin Core 0.15.2"
| #define PACKAGE_BUGREPORT "https://github.com/bitcoin/bitcoin/issues"
| #define PACKAGE_URL "https://bitcoincore.org/"
| #define HAVE_CXX11 1
| #define HAVE_STDIO_H 1
| #define HAVE_STDLIB_H 1
| #define HAVE_STRING_H 1
| #define HAVE_INTTYPES_H 1
| #define HAVE_STDINT_H 1
| #define HAVE_STRINGS_H 1
| #define HAVE_SYS_STAT_H 1
| #define HAVE_SYS_TYPES_H 1
| #define HAVE_UNISTD_H 1
| #define STDC_HEADERS 1
| #define HAVE_DLFCN_H 1
| #define LT_OBJDIR ".libs/"
| #define HAVE_PTHREAD_PRIO_INHERIT 1
| #define HAVE_PTHREAD 1
| #define HAVE_DECL_STRERROR_R 1
| #define HAVE_STRERROR_R 1
| #define STRERROR_R_CHAR_P 1
| #define HAVE_FUNC_ATTRIBUTE_VISIBILITY 1
| #define HAVE_ENDIAN_H 1
| #define HAVE_BYTESWAP_H 1
| #define HAVE_STDIO_H 1
| #define HAVE_STDLIB_H 1
| #define HAVE_UNISTD_H 1
| #define HAVE_STRINGS_H 1
| #define HAVE_SYS_TYPES_H 1
| #define HAVE_SYS_STAT_H 1
| #define HAVE_SYS_SELECT_H 1
| #define HAVE_SYS_PRCTL_H 1
| #define HAVE_DECL_STRNLEN 1
| #define HAVE_DECL_DAEMON 1
| #define HAVE_DECL_LE16TOH 1
| #define HAVE_DECL_LE32TOH 1
| #define HAVE_DECL_LE64TOH 1
| #define HAVE_DECL_HTOLE16 1
| #define HAVE_DECL_HTOLE32 1
| #define HAVE_DECL_HTOLE64 1
| #define HAVE_DECL_BE16TOH 1
| #define HAVE_DECL_BE32TOH 1
| #define HAVE_DECL_BE64TOH 1
| #define HAVE_DECL_HTOBE16 1
| #define HAVE_DECL_HTOBE32 1
| #define HAVE_DECL_HTOBE64 1
| #define HAVE_DECL_BSWAP_16 1
| #define HAVE_DECL_BSWAP_32 1
| #define HAVE_DECL_BSWAP_64 1
| #define HAVE_DECL___BUILTIN_CLZ 1
| #define HAVE_DECL___BUILTIN_CLZL 1
| #define HAVE_DECL___BUILTIN_CLZLL 1
| #define HAVE_MSG_NOSIGNAL 1
| #define HAVE_MSG_DONTWAIT 1
| #define HAVE_MALLOC_INFO 1
| #define HAVE_MALLOPT_ARENA_MAX 1
| #define HAVE_VISIBILITY_ATTRIBUTE 1
| #define HAVE_SYS_GETRANDOM 1
| #define HAVE_GETENTROPY 1
| #define HAVE_GETENTROPY_RAND 1
| /* end confdefs.h.  */
| 
|         #include <bdb5/db_cxx.h>
| 
| int
| main (void)
| {
| 
|         #if !((DB_VERSION_MAJOR == 4 && DB_VERSION_MINOR >= 8) || DB_VERSION_MAJOR > 4)
|           #error "failed to find bdb 4.8+"
|         #endif
| 
|   ;
|   return 0;
| }
configure:25034: g++ -std=c++11 -c -g -O2 -Wall -Wextra -Wformat -Wvla -Wformat-security -Wno-unused-parameter -Wno-implicit-fallthrough -I/usr/local/include -DHAVE_BUILD_INFO -D__STDC_FORMAT_MACROS conftest.cpp >&5
conftest.cpp:67:18: fatal error: libdb5/db_cxx.h: No such file or directory
   67 |         #include <libdb5/db_cxx.h>
      |                  ^~~~~~~~~~~~~~~~~
compilation terminated.
configure:25034: $? = 1
configure: failed program was:
| /* confdefs.h */
| #define PACKAGE_NAME "Bitcoin Core"
| #define PACKAGE_TARNAME "bitcoin"
| #define PACKAGE_VERSION "0.15.2"
| #define PACKAGE_STRING "Bitcoin Core 0.15.2"
| #define PACKAGE_BUGREPORT "https://github.com/bitcoin/bitcoin/issues"
| #define PACKAGE_URL "https://bitcoincore.org/"
| #define HAVE_CXX11 1
| #define HAVE_STDIO_H 1
| #define HAVE_STDLIB_H 1
| #define HAVE_STRING_H 1
| #define HAVE_INTTYPES_H 1
| #define HAVE_STDINT_H 1
| #define HAVE_STRINGS_H 1
| #define HAVE_SYS_STAT_H 1
| #define HAVE_SYS_TYPES_H 1
| #define HAVE_UNISTD_H 1
| #define STDC_HEADERS 1
| #define HAVE_DLFCN_H 1
| #define LT_OBJDIR ".libs/"
| #define HAVE_PTHREAD_PRIO_INHERIT 1
| #define HAVE_PTHREAD 1
| #define HAVE_DECL_STRERROR_R 1
| #define HAVE_STRERROR_R 1
| #define STRERROR_R_CHAR_P 1
| #define HAVE_FUNC_ATTRIBUTE_VISIBILITY 1
| #define HAVE_ENDIAN_H 1
| #define HAVE_BYTESWAP_H 1
| #define HAVE_STDIO_H 1
| #define HAVE_STDLIB_H 1
| #define HAVE_UNISTD_H 1
| #define HAVE_STRINGS_H 1
| #define HAVE_SYS_TYPES_H 1
| #define HAVE_SYS_STAT_H 1
| #define HAVE_SYS_SELECT_H 1
| #define HAVE_SYS_PRCTL_H 1
| #define HAVE_DECL_STRNLEN 1
| #define HAVE_DECL_DAEMON 1
| #define HAVE_DECL_LE16TOH 1
| #define HAVE_DECL_LE32TOH 1
| #define HAVE_DECL_LE64TOH 1
| #define HAVE_DECL_HTOLE16 1
| #define HAVE_DECL_HTOLE32 1
| #define HAVE_DECL_HTOLE64 1
| #define HAVE_DECL_BE16TOH 1
| #define HAVE_DECL_BE32TOH 1
| #define HAVE_DECL_BE64TOH 1
| #define HAVE_DECL_HTOBE16 1
| #define HAVE_DECL_HTOBE32 1
| #define HAVE_DECL_HTOBE64 1
| #define HAVE_DECL_BSWAP_16 1
| #define HAVE_DECL_BSWAP_32 1
| #define HAVE_DECL_BSWAP_64 1
| #define HAVE_DECL___BUILTIN_CLZ 1
| #define HAVE_DECL___BUILTIN_CLZL 1
| #define HAVE_DECL___BUILTIN_CLZLL 1
| #define HAVE_MSG_NOSIGNAL 1
| #define HAVE_MSG_DONTWAIT 1
| #define HAVE_MALLOC_INFO 1
| #define HAVE_MALLOPT_ARENA_MAX 1
| #define HAVE_VISIBILITY_ATTRIBUTE 1
| #define HAVE_SYS_GETRANDOM 1
| #define HAVE_GETENTROPY 1
| #define HAVE_GETENTROPY_RAND 1
| /* end confdefs.h.  */
| 
|         #include <libdb5/db_cxx.h>
| 
| int
| main (void)
| {
| 
|         #if !((DB_VERSION_MAJOR == 4 && DB_VERSION_MINOR >= 8) || DB_VERSION_MAJOR > 4)
|           #error "failed to find bdb 4.8+"
|         #endif
| 
|   ;
|   return 0;
| }
configure:25034: g++ -std=c++11 -c -g -O2 -Wall -Wextra -Wformat -Wvla -Wformat-security -Wno-unused-parameter -Wno-implicit-fallthrough -I/usr/local/include -DHAVE_BUILD_INFO -D__STDC_FORMAT_MACROS conftest.cpp >&5
conftest.cpp:67:18: fatal error: db5/db_cxx.h: No such file or directory
   67 |         #include <db5/db_cxx.h>
      |                  ^~~~~~~~~~~~~~
compilation terminated.
configure:25034: $? = 1
configure: failed program was:
| /* confdefs.h */
| #define PACKAGE_NAME "Bitcoin Core"
| #define PACKAGE_TARNAME "bitcoin"
| #define PACKAGE_VERSION "0.15.2"
| #define PACKAGE_STRING "Bitcoin Core 0.15.2"
| #define PACKAGE_BUGREPORT "https://github.com/bitcoin/bitcoin/issues"
| #define PACKAGE_URL "https://bitcoincore.org/"
| #define HAVE_CXX11 1
| #define HAVE_STDIO_H 1
| #define HAVE_STDLIB_H 1
| #define HAVE_STRING_H 1
| #define HAVE_INTTYPES_H 1
| #define HAVE_STDINT_H 1
| #define HAVE_STRINGS_H 1
| #define HAVE_SYS_STAT_H 1
| #define HAVE_SYS_TYPES_H 1
| #define HAVE_UNISTD_H 1
| #define STDC_HEADERS 1
| #define HAVE_DLFCN_H 1
| #define LT_OBJDIR ".libs/"
| #define HAVE_PTHREAD_PRIO_INHERIT 1
| #define HAVE_PTHREAD 1
| #define HAVE_DECL_STRERROR_R 1
| #define HAVE_STRERROR_R 1
| #define STRERROR_R_CHAR_P 1
| #define HAVE_FUNC_ATTRIBUTE_VISIBILITY 1
| #define HAVE_ENDIAN_H 1
| #define HAVE_BYTESWAP_H 1
| #define HAVE_STDIO_H 1
| #define HAVE_STDLIB_H 1
| #define HAVE_UNISTD_H 1
| #define HAVE_STRINGS_H 1
| #define HAVE_SYS_TYPES_H 1
| #define HAVE_SYS_STAT_H 1
| #define HAVE_SYS_SELECT_H 1
| #define HAVE_SYS_PRCTL_H 1
| #define HAVE_DECL_STRNLEN 1
| #define HAVE_DECL_DAEMON 1
| #define HAVE_DECL_LE16TOH 1
| #define HAVE_DECL_LE32TOH 1
| #define HAVE_DECL_LE64TOH 1
| #define HAVE_DECL_HTOLE16 1
| #define HAVE_DECL_HTOLE32 1
| #define HAVE_DECL_HTOLE64 1
| #define HAVE_DECL_BE16TOH 1
| #define HAVE_DECL_BE32TOH 1
| #define HAVE_DECL_BE64TOH 1
| #define HAVE_DECL_HTOBE16 1
| #define HAVE_DECL_HTOBE32 1
| #define HAVE_DECL_HTOBE64 1
| #define HAVE_DECL_BSWAP_16 1
| #define HAVE_DECL_BSWAP_32 1
| #define HAVE_DECL_BSWAP_64 1
| #define HAVE_DECL___BUILTIN_CLZ 1
| #define HAVE_DECL___BUILTIN_CLZL 1
| #define HAVE_DECL___BUILTIN_CLZLL 1
| #define HAVE_MSG_NOSIGNAL 1
| #define HAVE_MSG_DONTWAIT 1
| #define HAVE_MALLOC_INFO 1
| #define HAVE_MALLOPT_ARENA_MAX 1
| #define HAVE_VISIBILITY_ATTRIBUTE 1
| #define HAVE_SYS_GETRANDOM 1
| #define HAVE_GETENTROPY 1
| #define HAVE_GETENTROPY_RAND 1
| /* end confdefs.h.  */
| 
|         #include <db5/db_cxx.h>
| 
| int
| main (void)
| {
| 
|         #if !((DB_VERSION_MAJOR == 4 && DB_VERSION_MINOR >= 8) || DB_VERSION_MAJOR > 4)
|           #error "failed to find bdb 4.8+"
|         #endif
| 
|   ;
|   return 0;
| }
configure:25034: g++ -std=c++11 -c -g -O2 -Wall -Wextra -Wformat -Wvla -Wformat-security -Wno-unused-parameter -Wno-implicit-fallthrough -I/usr/local/include -DHAVE_BUILD_INFO -D__STDC_FORMAT_MACROS conftest.cpp >&5
conftest.cpp:67:18: fatal error: bdb5.3/db_cxx.h: No such file or directory
   67 |         #include <bdb5.3/db_cxx.h>
      |                  ^~~~~~~~~~~~~~~~~
compilation terminated.
configure:25034: $? = 1
configure: failed program was:
| /* confdefs.h */
| #define PACKAGE_NAME "Bitcoin Core"
| #define PACKAGE_TARNAME "bitcoin"
| #define PACKAGE_VERSION "0.15.2"
| #define PACKAGE_STRING "Bitcoin Core 0.15.2"
| #define PACKAGE_BUGREPORT "https://github.com/bitcoin/bitcoin/issues"
| #define PACKAGE_URL "https://bitcoincore.org/"
| #define HAVE_CXX11 1
| #define HAVE_STDIO_H 1
| #define HAVE_STDLIB_H 1
| #define HAVE_STRING_H 1
| #define HAVE_INTTYPES_H 1
| #define HAVE_STDINT_H 1
| #define HAVE_STRINGS_H 1
| #define HAVE_SYS_STAT_H 1
| #define HAVE_SYS_TYPES_H 1
| #define HAVE_UNISTD_H 1
| #define STDC_HEADERS 1
| #define HAVE_DLFCN_H 1
| #define LT_OBJDIR ".libs/"
| #define HAVE_PTHREAD_PRIO_INHERIT 1
| #define HAVE_PTHREAD 1
| #define HAVE_DECL_STRERROR_R 1
| #define HAVE_STRERROR_R 1
| #define STRERROR_R_CHAR_P 1
| #define HAVE_FUNC_ATTRIBUTE_VISIBILITY 1
| #define HAVE_ENDIAN_H 1
| #define HAVE_BYTESWAP_H 1
| #define HAVE_STDIO_H 1
| #define HAVE_STDLIB_H 1
| #define HAVE_UNISTD_H 1
| #define HAVE_STRINGS_H 1
| #define HAVE_SYS_TYPES_H 1
| #define HAVE_SYS_STAT_H 1
| #define HAVE_SYS_SELECT_H 1
| #define HAVE_SYS_PRCTL_H 1
| #define HAVE_DECL_STRNLEN 1
| #define HAVE_DECL_DAEMON 1
| #define HAVE_DECL_LE16TOH 1
| #define HAVE_DECL_LE32TOH 1
| #define HAVE_DECL_LE64TOH 1
| #define HAVE_DECL_HTOLE16 1
| #define HAVE_DECL_HTOLE32 1
| #define HAVE_DECL_HTOLE64 1
| #define HAVE_DECL_BE16TOH 1
| #define HAVE_DECL_BE32TOH 1
| #define HAVE_DECL_BE64TOH 1
| #define HAVE_DECL_HTOBE16 1
| #define HAVE_DECL_HTOBE32 1
| #define HAVE_DECL_HTOBE64 1
| #define HAVE_DECL_BSWAP_16 1
| #define HAVE_DECL_BSWAP_32 1
| #define HAVE_DECL_BSWAP_64 1
| #define HAVE_DECL___BUILTIN_CLZ 1
| #define HAVE_DECL___BUILTIN_CLZL 1
| #define HAVE_DECL___BUILTIN_CLZLL 1
| #define HAVE_MSG_NOSIGNAL 1
| #define HAVE_MSG_DONTWAIT 1
| #define HAVE_MALLOC_INFO 1
| #define HAVE_MALLOPT_ARENA_MAX 1
| #define HAVE_VISIBILITY_ATTRIBUTE 1
| #define HAVE_SYS_GETRANDOM 1
| #define HAVE_GETENTROPY 1
| #define HAVE_GETENTROPY_RAND 1
| /* end confdefs.h.  */
| 
|         #include <bdb5.3/db_cxx.h>
| 
| int
| main (void)
| {
| 
|         #if !((DB_VERSION_MAJOR == 4 && DB_VERSION_MINOR >= 8) || DB_VERSION_MAJOR > 4)
|           #error "failed to find bdb 4.8+"
|         #endif
| 
|   ;
|   return 0;
| }
configure:25034: g++ -std=c++11 -c -g -O2 -Wall -Wextra -Wformat -Wvla -Wformat-security -Wno-unused-parameter -Wno-implicit-fallthrough -I/usr/local/include -DHAVE_BUILD_INFO -D__STDC_FORMAT_MACROS conftest.cpp >&5
conftest.cpp:67:18: fatal error: libdb5.3/db_cxx.h: No such file or directory
   67 |         #include <libdb5.3/db_cxx.h>
      |                  ^~~~~~~~~~~~~~~~~~~
compilation terminated.
configure:25034: $? = 1
configure: failed program was:
| /* confdefs.h */
| #define PACKAGE_NAME "Bitcoin Core"
| #define PACKAGE_TARNAME "bitcoin"
| #define PACKAGE_VERSION "0.15.2"
| #define PACKAGE_STRING "Bitcoin Core 0.15.2"
| #define PACKAGE_BUGREPORT "https://github.com/bitcoin/bitcoin/issues"
| #define PACKAGE_URL "https://bitcoincore.org/"
| #define HAVE_CXX11 1
| #define HAVE_STDIO_H 1
| #define HAVE_STDLIB_H 1
| #define HAVE_STRING_H 1
| #define HAVE_INTTYPES_H 1
| #define HAVE_STDINT_H 1
| #define HAVE_STRINGS_H 1
| #define HAVE_SYS_STAT_H 1
| #define HAVE_SYS_TYPES_H 1
| #define HAVE_UNISTD_H 1
| #define STDC_HEADERS 1
| #define HAVE_DLFCN_H 1
| #define LT_OBJDIR ".libs/"
| #define HAVE_PTHREAD_PRIO_INHERIT 1
| #define HAVE_PTHREAD 1
| #define HAVE_DECL_STRERROR_R 1
| #define HAVE_STRERROR_R 1
| #define STRERROR_R_CHAR_P 1
| #define HAVE_FUNC_ATTRIBUTE_VISIBILITY 1
| #define HAVE_ENDIAN_H 1
| #define HAVE_BYTESWAP_H 1
| #define HAVE_STDIO_H 1
| #define HAVE_STDLIB_H 1
| #define HAVE_UNISTD_H 1
| #define HAVE_STRINGS_H 1
| #define HAVE_SYS_TYPES_H 1
| #define HAVE_SYS_STAT_H 1
| #define HAVE_SYS_SELECT_H 1
| #define HAVE_SYS_PRCTL_H 1
| #define HAVE_DECL_STRNLEN 1
| #define HAVE_DECL_DAEMON 1
| #define HAVE_DECL_LE16TOH 1
| #define HAVE_DECL_LE32TOH 1
| #define HAVE_DECL_LE64TOH 1
| #define HAVE_DECL_HTOLE16 1
| #define HAVE_DECL_HTOLE32 1
| #define HAVE_DECL_HTOLE64 1
| #define HAVE_DECL_BE16TOH 1
| #define HAVE_DECL_BE32TOH 1
| #define HAVE_DECL_BE64TOH 1
| #define HAVE_DECL_HTOBE16 1
| #define HAVE_DECL_HTOBE32 1
| #define HAVE_DECL_HTOBE64 1
| #define HAVE_DECL_BSWAP_16 1
| #define HAVE_DECL_BSWAP_32 1
| #define HAVE_DECL_BSWAP_64 1
| #define HAVE_DECL___BUILTIN_CLZ 1
| #define HAVE_DECL___BUILTIN_CLZL 1
| #define HAVE_DECL___BUILTIN_CLZLL 1
| #define HAVE_MSG_NOSIGNAL 1
| #define HAVE_MSG_DONTWAIT 1
| #define HAVE_MALLOC_INFO 1
| #define HAVE_MALLOPT_ARENA_MAX 1
| #define HAVE_VISIBILITY_ATTRIBUTE 1
| #define HAVE_SYS_GETRANDOM 1
| #define HAVE_GETENTROPY 1
| #define HAVE_GETENTROPY_RAND 1
| /* end confdefs.h.  */
| 
|         #include <libdb5.3/db_cxx.h>
| 
| int
| main (void)
| {
| 
|         #if !((DB_VERSION_MAJOR == 4 && DB_VERSION_MINOR >= 8) || DB_VERSION_MAJOR > 4)
|           #error "failed to find bdb 4.8+"
|         #endif
| 
|   ;
|   return 0;
| }
configure:25034: g++ -std=c++11 -c -g -O2 -Wall -Wextra -Wformat -Wvla -Wformat-security -Wno-unused-parameter -Wno-implicit-fallthrough -I/usr/local/include -DHAVE_BUILD_INFO -D__STDC_FORMAT_MACROS conftest.cpp >&5
conftest.cpp:67:18: fatal error: db5.3/db_cxx.h: No such file or directory
   67 |         #include <db5.3/db_cxx.h>
      |                  ^~~~~~~~~~~~~~~~
compilation terminated.
configure:25034: $? = 1
configure: failed program was:
| /* confdefs.h */
| #define PACKAGE_NAME "Bitcoin Core"
| #define PACKAGE_TARNAME "bitcoin"
| #define PACKAGE_VERSION "0.15.2"
| #define PACKAGE_STRING "Bitcoin Core 0.15.2"
| #define PACKAGE_BUGREPORT "https://github.com/bitcoin/bitcoin/issues"
| #define PACKAGE_URL "https://bitcoincore.org/"
| #define HAVE_CXX11 1
| #define HAVE_STDIO_H 1
| #define HAVE_STDLIB_H 1
| #define HAVE_STRING_H 1
| #define HAVE_INTTYPES_H 1
| #define HAVE_STDINT_H 1
| #define HAVE_STRINGS_H 1
| #define HAVE_SYS_STAT_H 1
| #define HAVE_SYS_TYPES_H 1
| #define HAVE_UNISTD_H 1
| #define STDC_HEADERS 1
| #define HAVE_DLFCN_H 1
| #define LT_OBJDIR ".libs/"
| #define HAVE_PTHREAD_PRIO_INHERIT 1
| #define HAVE_PTHREAD 1
| #define HAVE_DECL_STRERROR_R 1
| #define HAVE_STRERROR_R 1
| #define STRERROR_R_CHAR_P 1
| #define HAVE_FUNC_ATTRIBUTE_VISIBILITY 1
| #define HAVE_ENDIAN_H 1
| #define HAVE_BYTESWAP_H 1
| #define HAVE_STDIO_H 1
| #define HAVE_STDLIB_H 1
| #define HAVE_UNISTD_H 1
| #define HAVE_STRINGS_H 1
| #define HAVE_SYS_TYPES_H 1
| #define HAVE_SYS_STAT_H 1
| #define HAVE_SYS_SELECT_H 1
| #define HAVE_SYS_PRCTL_H 1
| #define HAVE_DECL_STRNLEN 1
| #define HAVE_DECL_DAEMON 1
| #define HAVE_DECL_LE16TOH 1
| #define HAVE_DECL_LE32TOH 1
| #define HAVE_DECL_LE64TOH 1
| #define HAVE_DECL_HTOLE16 1
| #define HAVE_DECL_HTOLE32 1
| #define HAVE_DECL_HTOLE64 1
| #define HAVE_DECL_BE16TOH 1
| #define HAVE_DECL_BE32TOH 1
| #define HAVE_DECL_BE64TOH 1
| #define HAVE_DECL_HTOBE16 1
| #define HAVE_DECL_HTOBE32 1
| #define HAVE_DECL_HTOBE64 1
| #define HAVE_DECL_BSWAP_16 1
| #define HAVE_DECL_BSWAP_32 1
| #define HAVE_DECL_BSWAP_64 1
| #define HAVE_DECL___BUILTIN_CLZ 1
| #define HAVE_DECL___BUILTIN_CLZL 1
| #define HAVE_DECL___BUILTIN_CLZLL 1
| #define HAVE_MSG_NOSIGNAL 1
| #define HAVE_MSG_DONTWAIT 1
| #define HAVE_MALLOC_INFO 1
| #define HAVE_MALLOPT_ARENA_MAX 1
| #define HAVE_VISIBILITY_ATTRIBUTE 1
| #define HAVE_SYS_GETRANDOM 1
| #define HAVE_GETENTROPY 1
| #define HAVE_GETENTROPY_RAND 1
| /* end confdefs.h.  */
| 
|         #include <db5.3/db_cxx.h>
| 
| int
| main (void)
| {
| 
|         #if !((DB_VERSION_MAJOR == 4 && DB_VERSION_MINOR >= 8) || DB_VERSION_MAJOR > 4)
|           #error "failed to find bdb 4.8+"
|         #endif
| 
|   ;
|   return 0;
| }
configure:25034: g++ -std=c++11 -c -g -O2 -Wall -Wextra -Wformat -Wvla -Wformat-security -Wno-unused-parameter -Wno-implicit-fallthrough -I/usr/local/include -DHAVE_BUILD_INFO -D__STDC_FORMAT_MACROS conftest.cpp >&5
conftest.cpp:67:18: fatal error: bdb/db_cxx.h: No such file or directory
   67 |         #include <bdb/db_cxx.h>
      |                  ^~~~~~~~~~~~~~
compilation terminated.
configure:25034: $? = 1
configure: failed program was:
| /* confdefs.h */
| #define PACKAGE_NAME "Bitcoin Core"
| #define PACKAGE_TARNAME "bitcoin"
| #define PACKAGE_VERSION "0.15.2"
| #define PACKAGE_STRING "Bitcoin Core 0.15.2"
| #define PACKAGE_BUGREPORT "https://github.com/bitcoin/bitcoin/issues"
| #define PACKAGE_URL "https://bitcoincore.org/"
| #define HAVE_CXX11 1
| #define HAVE_STDIO_H 1
| #define HAVE_STDLIB_H 1
| #define HAVE_STRING_H 1
| #define HAVE_INTTYPES_H 1
| #define HAVE_STDINT_H 1
| #define HAVE_STRINGS_H 1
| #define HAVE_SYS_STAT_H 1
| #define HAVE_SYS_TYPES_H 1
| #define HAVE_UNISTD_H 1
| #define STDC_HEADERS 1
| #define HAVE_DLFCN_H 1
| #define LT_OBJDIR ".libs/"
| #define HAVE_PTHREAD_PRIO_INHERIT 1
| #define HAVE_PTHREAD 1
| #define HAVE_DECL_STRERROR_R 1
| #define HAVE_STRERROR_R 1
| #define STRERROR_R_CHAR_P 1
| #define HAVE_FUNC_ATTRIBUTE_VISIBILITY 1
| #define HAVE_ENDIAN_H 1
| #define HAVE_BYTESWAP_H 1
| #define HAVE_STDIO_H 1
| #define HAVE_STDLIB_H 1
| #define HAVE_UNISTD_H 1
| #define HAVE_STRINGS_H 1
| #define HAVE_SYS_TYPES_H 1
| #define HAVE_SYS_STAT_H 1
| #define HAVE_SYS_SELECT_H 1
| #define HAVE_SYS_PRCTL_H 1
| #define HAVE_DECL_STRNLEN 1
| #define HAVE_DECL_DAEMON 1
| #define HAVE_DECL_LE16TOH 1
| #define HAVE_DECL_LE32TOH 1
| #define HAVE_DECL_LE64TOH 1
| #define HAVE_DECL_HTOLE16 1
| #define HAVE_DECL_HTOLE32 1
| #define HAVE_DECL_HTOLE64 1
| #define HAVE_DECL_BE16TOH 1
| #define HAVE_DECL_BE32TOH 1
| #define HAVE_DECL_BE64TOH 1
| #define HAVE_DECL_HTOBE16 1
| #define HAVE_DECL_HTOBE32 1
| #define HAVE_DECL_HTOBE64 1
| #define HAVE_DECL_BSWAP_16 1
| #define HAVE_DECL_BSWAP_32 1
| #define HAVE_DECL_BSWAP_64 1
| #define HAVE_DECL___BUILTIN_CLZ 1
| #define HAVE_DECL___BUILTIN_CLZL 1
| #define HAVE_DECL___BUILTIN_CLZLL 1
| #define HAVE_MSG_NOSIGNAL 1
| #define HAVE_MSG_DONTWAIT 1
| #define HAVE_MALLOC_INFO 1
| #define HAVE_MALLOPT_ARENA_MAX 1
| #define HAVE_VISIBILITY_ATTRIBUTE 1
| #define HAVE_SYS_GETRANDOM 1
| #define HAVE_GETENTROPY 1
| #define HAVE_GETENTROPY_RAND 1
| /* end confdefs.h.  */
| 
|         #include <bdb/db_cxx.h>
| 
| int
| main (void)
| {
| 
|         #if !((DB_VERSION_MAJOR == 4 && DB_VERSION_MINOR >= 8) || DB_VERSION_MAJOR > 4)
|           #error "failed to find bdb 4.8+"
|         #endif
| 
|   ;
|   return 0;
| }
configure:25034: g++ -std=c++11 -c -g -O2 -Wall -Wextra -Wformat -Wvla -Wformat-security -Wno-unused-parameter -Wno-implicit-fallthrough -I/usr/local/include -DHAVE_BUILD_INFO -D__STDC_FORMAT_MACROS conftest.cpp >&5
conftest.cpp:67:18: fatal error: libdb/db_cxx.h: No such file or directory
   67 |         #include <libdb/db_cxx.h>
      |                  ^~~~~~~~~~~~~~~~
compilation terminated.
configure:25034: $? = 1
configure: failed program was:
| /* confdefs.h */
| #define PACKAGE_NAME "Bitcoin Core"
| #define PACKAGE_TARNAME "bitcoin"
| #define PACKAGE_VERSION "0.15.2"
| #define PACKAGE_STRING "Bitcoin Core 0.15.2"
| #define PACKAGE_BUGREPORT "https://github.com/bitcoin/bitcoin/issues"
| #define PACKAGE_URL "https://bitcoincore.org/"
| #define HAVE_CXX11 1
| #define HAVE_STDIO_H 1
| #define HAVE_STDLIB_H 1
| #define HAVE_STRING_H 1
| #define HAVE_INTTYPES_H 1
| #define HAVE_STDINT_H 1
| #define HAVE_STRINGS_H 1
| #define HAVE_SYS_STAT_H 1
| #define HAVE_SYS_TYPES_H 1
| #define HAVE_UNISTD_H 1
| #define STDC_HEADERS 1
| #define HAVE_DLFCN_H 1
| #define LT_OBJDIR ".libs/"
| #define HAVE_PTHREAD_PRIO_INHERIT 1
| #define HAVE_PTHREAD 1
| #define HAVE_DECL_STRERROR_R 1
| #define HAVE_STRERROR_R 1
| #define STRERROR_R_CHAR_P 1
| #define HAVE_FUNC_ATTRIBUTE_VISIBILITY 1
| #define HAVE_ENDIAN_H 1
| #define HAVE_BYTESWAP_H 1
| #define HAVE_STDIO_H 1
| #define HAVE_STDLIB_H 1
| #define HAVE_UNISTD_H 1
| #define HAVE_STRINGS_H 1
| #define HAVE_SYS_TYPES_H 1
| #define HAVE_SYS_STAT_H 1
| #define HAVE_SYS_SELECT_H 1
| #define HAVE_SYS_PRCTL_H 1
| #define HAVE_DECL_STRNLEN 1
| #define HAVE_DECL_DAEMON 1
| #define HAVE_DECL_LE16TOH 1
| #define HAVE_DECL_LE32TOH 1
| #define HAVE_DECL_LE64TOH 1
| #define HAVE_DECL_HTOLE16 1
| #define HAVE_DECL_HTOLE32 1
| #define HAVE_DECL_HTOLE64 1
| #define HAVE_DECL_BE16TOH 1
| #define HAVE_DECL_BE32TOH 1
| #define HAVE_DECL_BE64TOH 1
| #define HAVE_DECL_HTOBE16 1
| #define HAVE_DECL_HTOBE32 1
| #define HAVE_DECL_HTOBE64 1
| #define HAVE_DECL_BSWAP_16 1
| #define HAVE_DECL_BSWAP_32 1
| #define HAVE_DECL_BSWAP_64 1
| #define HAVE_DECL___BUILTIN_CLZ 1
| #define HAVE_DECL___BUILTIN_CLZL 1
| #define HAVE_DECL___BUILTIN_CLZLL 1
| #define HAVE_MSG_NOSIGNAL 1
| #define HAVE_MSG_DONTWAIT 1
| #define HAVE_MALLOC_INFO 1
| #define HAVE_MALLOPT_ARENA_MAX 1
| #define HAVE_VISIBILITY_ATTRIBUTE 1
| #define HAVE_SYS_GETRANDOM 1
| #define HAVE_GETENTROPY 1
| #define HAVE_GETENTROPY_RAND 1
| /* end confdefs.h.  */
| 
|         #include <libdb/db_cxx.h>
| 
| int
| main (void)
| {
| 
|         #if !((DB_VERSION_MAJOR == 4 && DB_VERSION_MINOR >= 8) || DB_VERSION_MAJOR > 4)
|           #error "failed to find bdb 4.8+"
|         #endif
| 
|   ;
|   return 0;
| }
configure:25034: g++ -std=c++11 -c -g -O2 -Wall -Wextra -Wformat -Wvla -Wformat-security -Wno-unused-parameter -Wno-implicit-fallthrough -I/usr/local/include -DHAVE_BUILD_INFO -D__STDC_FORMAT_MACROS conftest.cpp >&5
conftest.cpp:67:18: fatal error: db/db_cxx.h: No such file or directory
   67 |         #include <db/db_cxx.h>
      |                  ^~~~~~~~~~~~~
compilation terminated.
configure:25034: $? = 1
configure: failed program was:
| /* confdefs.h */
| #define PACKAGE_NAME "Bitcoin Core"
| #define PACKAGE_TARNAME "bitcoin"
| #define PACKAGE_VERSION "0.15.2"
| #define PACKAGE_STRING "Bitcoin Core 0.15.2"
| #define PACKAGE_BUGREPORT "https://github.com/bitcoin/bitcoin/issues"
| #define PACKAGE_URL "https://bitcoincore.org/"
| #define HAVE_CXX11 1
| #define HAVE_STDIO_H 1
| #define HAVE_STDLIB_H 1
| #define HAVE_STRING_H 1
| #define HAVE_INTTYPES_H 1
| #define HAVE_STDINT_H 1
| #define HAVE_STRINGS_H 1
| #define HAVE_SYS_STAT_H 1
| #define HAVE_SYS_TYPES_H 1
| #define HAVE_UNISTD_H 1
| #define STDC_HEADERS 1
| #define HAVE_DLFCN_H 1
| #define LT_OBJDIR ".libs/"
| #define HAVE_PTHREAD_PRIO_INHERIT 1
| #define HAVE_PTHREAD 1
| #define HAVE_DECL_STRERROR_R 1
| #define HAVE_STRERROR_R 1
| #define STRERROR_R_CHAR_P 1
| #define HAVE_FUNC_ATTRIBUTE_VISIBILITY 1
| #define HAVE_ENDIAN_H 1
| #define HAVE_BYTESWAP_H 1
| #define HAVE_STDIO_H 1
| #define HAVE_STDLIB_H 1
| #define HAVE_UNISTD_H 1
| #define HAVE_STRINGS_H 1
| #define HAVE_SYS_TYPES_H 1
| #define HAVE_SYS_STAT_H 1
| #define HAVE_SYS_SELECT_H 1
| #define HAVE_SYS_PRCTL_H 1
| #define HAVE_DECL_STRNLEN 1
| #define HAVE_DECL_DAEMON 1
| #define HAVE_DECL_LE16TOH 1
| #define HAVE_DECL_LE32TOH 1
| #define HAVE_DECL_LE64TOH 1
| #define HAVE_DECL_HTOLE16 1
| #define HAVE_DECL_HTOLE32 1
| #define HAVE_DECL_HTOLE64 1
| #define HAVE_DECL_BE16TOH 1
| #define HAVE_DECL_BE32TOH 1
| #define HAVE_DECL_BE64TOH 1
| #define HAVE_DECL_HTOBE16 1
| #define HAVE_DECL_HTOBE32 1
| #define HAVE_DECL_HTOBE64 1
| #define HAVE_DECL_BSWAP_16 1
| #define HAVE_DECL_BSWAP_32 1
| #define HAVE_DECL_BSWAP_64 1
| #define HAVE_DECL___BUILTIN_CLZ 1
| #define HAVE_DECL___BUILTIN_CLZL 1
| #define HAVE_DECL___BUILTIN_CLZLL 1
| #define HAVE_MSG_NOSIGNAL 1
| #define HAVE_MSG_DONTWAIT 1
| #define HAVE_MALLOC_INFO 1
| #define HAVE_MALLOPT_ARENA_MAX 1
| #define HAVE_VISIBILITY_ATTRIBUTE 1
| #define HAVE_SYS_GETRANDOM 1
| #define HAVE_GETENTROPY 1
| #define HAVE_GETENTROPY_RAND 1
| /* end confdefs.h.  */
| 
|         #include <db/db_cxx.h>
| 
| int
| main (void)
| {
| 
|         #if !((DB_VERSION_MAJOR == 4 && DB_VERSION_MINOR >= 8) || DB_VERSION_MAJOR > 4)
|           #error "failed to find bdb 4.8+"
|         #endif
| 
|   ;
|   return 0;
| }
configure:25034: g++ -std=c++11 -c -g -O2 -Wall -Wextra -Wformat -Wvla -Wformat-security -Wno-unused-parameter -Wno-implicit-fallthrough -I/usr/local/include -DHAVE_BUILD_INFO -D__STDC_FORMAT_MACROS conftest.cpp >&5
configure:25034: $? = 0
configure:25064: g++ -std=c++11 -c -g -O2 -Wall -Wextra -Wformat -Wvla -Wformat-security -Wno-unused-parameter -Wno-implicit-fallthrough -I/usr/local/include -DHAVE_BUILD_INFO -D__STDC_FORMAT_MACROS conftest.cpp >&5
configure:25064: $? = 0
configure:25109: result: default
configure:25132: checking for main in -ldb_cxx-4.8
configure:25154: g++ -std=c++11 -o conftest -g -O2 -Wall -Wextra -Wformat -Wvla -Wformat-security -Wno-unused-parameter -Wno-implicit-fallthrough -I/usr/local/include -DHAVE_BUILD_INFO -D__STDC_FORMAT_MACROS -L/usr/local/lib conftest.cpp -ldb_cxx-4.8   >&5
configure:25154: $? = 0
configure:25165: result: yes
configure:25188: checking for miniupnpc/miniwget.h
configure:25188: g++ -std=c++11 -c -g -O2 -Wall -Wextra -Wformat -Wvla -Wformat-security -Wno-unused-parameter -Wno-implicit-fallthrough -I/usr/local/include -DHAVE_BUILD_INFO -D__STDC_FORMAT_MACROS conftest.cpp >&5
configure:25188: $? = 0
configure:25188: result: yes
configure:25194: checking for main in -lminiupnpc
configure:25216: g++ -std=c++11 -o conftest -g -O2 -Wall -Wextra -Wformat -Wvla -Wformat-security -Wno-unused-parameter -Wno-implicit-fallthrough -I/usr/local/include -DHAVE_BUILD_INFO -D__STDC_FORMAT_MACROS -L/usr/local/lib conftest.cpp -lminiupnpc   >&5
configure:25216: $? = 0
configure:25226: result: yes
configure:25188: checking for miniupnpc/miniupnpc.h
configure:25188: g++ -std=c++11 -c -g -O2 -Wall -Wextra -Wformat -Wvla -Wformat-security -Wno-unused-parameter -Wno-implicit-fallthrough -I/usr/local/include -DHAVE_BUILD_INFO -D__STDC_FORMAT_MACROS conftest.cpp >&5
configure:25188: $? = 0
configure:25188: result: yes
configure:25194: checking for main in -lminiupnpc
configure:25226: result: yes
configure:25188: checking for miniupnpc/upnpcommands.h
configure:25188: g++ -std=c++11 -c -g -O2 -Wall -Wextra -Wformat -Wvla -Wformat-security -Wno-unused-parameter -Wno-implicit-fallthrough -I/usr/local/include -DHAVE_BUILD_INFO -D__STDC_FORMAT_MACROS conftest.cpp >&5
configure:25188: $? = 0
configure:25188: result: yes
configure:25194: checking for main in -lminiupnpc
configure:25226: result: yes
configure:25188: checking for miniupnpc/upnperrors.h
configure:25188: g++ -std=c++11 -c -g -O2 -Wall -Wextra -Wformat -Wvla -Wformat-security -Wno-unused-parameter -Wno-implicit-fallthrough -I/usr/local/include -DHAVE_BUILD_INFO -D__STDC_FORMAT_MACROS conftest.cpp >&5
configure:25188: $? = 0
configure:25188: result: yes
configure:25194: checking for main in -lminiupnpc
configure:25226: result: yes
configure:25343: checking for Qt5Core Qt5Gui Qt5Network Qt5Widgets
configure:25350: $PKG_CONFIG --exists --print-errors "$qt5_modules"
Package Qt5Core was not found in the pkg-config search path.
Perhaps you should add the directory containing `Qt5Core.pc'
to the PKG_CONFIG_PATH environment variable
No package 'Qt5Core' found
Package Qt5Gui was not found in the pkg-config search path.
Perhaps you should add the directory containing `Qt5Gui.pc'
to the PKG_CONFIG_PATH environment variable
No package 'Qt5Gui' found
Package Qt5Network was not found in the pkg-config search path.
Perhaps you should add the directory containing `Qt5Network.pc'
to the PKG_CONFIG_PATH environment variable
No package 'Qt5Network' found
Package Qt5Widgets was not found in the pkg-config search path.
Perhaps you should add the directory containing `Qt5Widgets.pc'
to the PKG_CONFIG_PATH environment variable
No package 'Qt5Widgets' found
configure:25353: $? = 1
configure:25367: $PKG_CONFIG --exists --print-errors "$qt5_modules"
Package Qt5Core was not found in the pkg-config search path.
Perhaps you should add the directory containing `Qt5Core.pc'
to the PKG_CONFIG_PATH environment variable
No package 'Qt5Core' found
Package Qt5Gui was not found in the pkg-config search path.
Perhaps you should add the directory containing `Qt5Gui.pc'
to the PKG_CONFIG_PATH environment variable
No package 'Qt5Gui' found
Package Qt5Network was not found in the pkg-config search path.
Perhaps you should add the directory containing `Qt5Network.pc'
to the PKG_CONFIG_PATH environment variable
No package 'Qt5Network' found
Package Qt5Widgets was not found in the pkg-config search path.
Perhaps you should add the directory containing `Qt5Widgets.pc'
to the PKG_CONFIG_PATH environment variable
No package 'Qt5Widgets' found
configure:25370: $? = 1
configure:25384: result: no
No package 'Qt5Core' found
No package 'Qt5Gui' found
No package 'Qt5Network' found
No package 'Qt5Widgets' found
configure:25490: checking for QtCore QtGui QtNetwork
configure:25497: $PKG_CONFIG --exists --print-errors "$qt4_modules"
Package QtCore was not found in the pkg-config search path.
Perhaps you should add the directory containing `QtCore.pc'
to the PKG_CONFIG_PATH environment variable
No package 'QtCore' found
Package QtGui was not found in the pkg-config search path.
Perhaps you should add the directory containing `QtGui.pc'
to the PKG_CONFIG_PATH environment variable
No package 'QtGui' found
Package QtNetwork was not found in the pkg-config search path.
Perhaps you should add the directory containing `QtNetwork.pc'
to the PKG_CONFIG_PATH environment variable
No package 'QtNetwork' found
configure:25500: $? = 1
configure:25514: $PKG_CONFIG --exists --print-errors "$qt4_modules"
Package QtCore was not found in the pkg-config search path.
Perhaps you should add the directory containing `QtCore.pc'
to the PKG_CONFIG_PATH environment variable
No package 'QtCore' found
Package QtGui was not found in the pkg-config search path.
Perhaps you should add the directory containing `QtGui.pc'
to the PKG_CONFIG_PATH environment variable
No package 'QtGui' found
Package QtNetwork was not found in the pkg-config search path.
Perhaps you should add the directory containing `QtNetwork.pc'
to the PKG_CONFIG_PATH environment variable
No package 'QtNetwork' found
configure:25517: $? = 1
configure:25531: result: no
No package 'QtCore' found
No package 'QtGui' found
No package 'QtNetwork' found
configure:25638: WARNING: Qt dependencies not found; bitcoin-qt frontend will not be built
configure:28559: checking whether to build Bitcoin Core GUI
configure:28589: result: no (Qt5)
configure:28665: checking for boostlib >= 1.47.0
configure:28750: g++ -std=c++11 -c -g -O2 -Wall -Wextra -Wformat -Wvla -Wformat-security -Wno-unused-parameter -Wno-implicit-fallthrough -I/usr/local/include -DHAVE_BUILD_INFO -D__STDC_FORMAT_MACROS -I/usr/include conftest.cpp >&5
configure:28750: $? = 0
configure:28753: result: yes
configure:28942: checking whether the Boost::System library is available
configure:28968: g++ -std=c++11 -c  -I/usr/local/include -DHAVE_BUILD_INFO -D__STDC_FORMAT_MACROS -I/usr/include conftest.cpp >&5
configure:28968: $? = 0
configure:28984: result: yes
configure:29000: checking for exit in -lboost_system
configure:29022: g++ -std=c++11 -o conftest -g -O2 -Wall -Wextra -Wformat -Wvla -Wformat-security -Wno-unused-parameter -Wno-implicit-fallthrough -I/usr/local/include -DHAVE_BUILD_INFO -D__STDC_FORMAT_MACROS -I/usr/include -L/usr/local/lib -L/usr/lib/x86_64-linux-gnu conftest.cpp -lboost_system   >&5
configure:29022: $? = 0
configure:29033: result: yes
configure:29188: checking whether the Boost::Filesystem library is available
configure:29213: g++ -std=c++11 -c -g -O2 -Wall -Wextra -Wformat -Wvla -Wformat-security -Wno-unused-parameter -Wno-implicit-fallthrough -I/usr/local/include -DHAVE_BUILD_INFO -D__STDC_FORMAT_MACROS -I/usr/include conftest.cpp >&5
configure:29213: $? = 0
configure:29228: result: yes
configure:29240: checking for exit in -lboost_filesystem
configure:29262: g++ -std=c++11 -o conftest -g -O2 -Wall -Wextra -Wformat -Wvla -Wformat-security -Wno-unused-parameter -Wno-implicit-fallthrough -I/usr/local/include -DHAVE_BUILD_INFO -D__STDC_FORMAT_MACROS -I/usr/include -L/usr/local/lib -L/usr/lib/x86_64-linux-gnu conftest.cpp -lboost_filesystem   -lboost_system >&5
configure:29262: $? = 0
configure:29273: result: yes
configure:29423: checking whether the Boost::Program_Options library is available
configure:29448: g++ -std=c++11 -c -g -O2 -Wall -Wextra -Wformat -Wvla -Wformat-security -Wno-unused-parameter -Wno-implicit-fallthrough -I/usr/local/include -DHAVE_BUILD_INFO -D__STDC_FORMAT_MACROS -I/usr/include conftest.cpp >&5
configure:29448: $? = 0
configure:29463: result: yes
configure:29474: checking for exit in -lboost_program_options
configure:29496: g++ -std=c++11 -o conftest -g -O2 -Wall -Wextra -Wformat -Wvla -Wformat-security -Wno-unused-parameter -Wno-implicit-fallthrough -I/usr/local/include -DHAVE_BUILD_INFO -D__STDC_FORMAT_MACROS -I/usr/include -L/usr/local/lib -L/usr/lib/x86_64-linux-gnu conftest.cpp -lboost_program_options   >&5
configure:29496: $? = 0
configure:29507: result: yes
configure:29656: checking whether the Boost::Thread library is available
configure:29689: g++ -std=c++11 -c -pthread -g -O2 -Wall -Wextra -Wformat -Wvla -Wformat-security -Wno-unused-parameter -Wno-implicit-fallthrough -I/usr/local/include -DHAVE_BUILD_INFO -D__STDC_FORMAT_MACROS -I/usr/include conftest.cpp >&5
configure:29689: $? = 0
configure:29705: result: yes
configure:29735: checking for exit in -lboost_thread
configure:29757: g++ -std=c++11 -o conftest -g -O2 -Wall -Wextra -Wformat -Wvla -Wformat-security -Wno-unused-parameter -Wno-implicit-fallthrough -I/usr/local/include -DHAVE_BUILD_INFO -D__STDC_FORMAT_MACROS -I/usr/include -L/usr/local/lib -L/usr/lib/x86_64-linux-gnu conftest.cpp -lboost_thread   >&5
configure:29757: $? = 0
configure:29768: result: yes
configure:29928: checking whether the Boost::Chrono library is available
configure:29953: g++ -std=c++11 -c -g -O2 -Wall -Wextra -Wformat -Wvla -Wformat-security -Wno-unused-parameter -Wno-implicit-fallthrough -I/usr/local/include -DHAVE_BUILD_INFO -D__STDC_FORMAT_MACROS -pthread -I/usr/include conftest.cpp >&5
configure:29953: $? = 0
configure:29969: result: yes
configure:29985: checking for exit in -lboost_chrono
configure:30007: g++ -std=c++11 -o conftest -g -O2 -Wall -Wextra -Wformat -Wvla -Wformat-security -Wno-unused-parameter -Wno-implicit-fallthrough -I/usr/local/include -DHAVE_BUILD_INFO -D__STDC_FORMAT_MACROS -pthread -I/usr/include -L/usr/local/lib -L/usr/lib/x86_64-linux-gnu conftest.cpp -lboost_chrono   >&5
configure:30007: $? = 0
configure:30018: result: yes
configure:30264: checking whether the Boost::Unit_Test_Framework library is available
configure:30288: g++ -std=c++11 -c -g -O2 -Wall -Wextra -Wformat -Wvla -Wformat-security -Wno-unused-parameter -Wno-implicit-fallthrough -I/usr/local/include -DHAVE_BUILD_INFO -D__STDC_FORMAT_MACROS -DBOOST_SP_USE_STD_ATOMIC -DBOOST_AC_USE_STD_ATOMIC -pthread -I/usr/include conftest.cpp >&5
conftest.cpp: In function 'int main()':
conftest.cpp:81:70: warning: unused variable 'test' [-Wunused-variable]
   81 |                                                          test_suite* test= BOOST_TEST_SUITE( "Unit test example 1" ); return 0;
      |                                                                      ^~~~
configure:30288: $? = 0
configure:30303: result: yes
configure:30414: checking for dynamic linked boost test
configure:30429: g++ -std=c++11 -o conftest -g -O2 -Wall -Wextra -Wformat -Wvla -Wformat-security -Wno-unused-parameter -Wno-implicit-fallthrough -I/usr/local/include -DHAVE_BUILD_INFO -D__STDC_FORMAT_MACROS -DBOOST_SP_USE_STD_ATOMIC -DBOOST_AC_USE_STD_ATOMIC -pthread -I/usr/include -L/usr/local/lib conftest.cpp  -L/usr/lib/x86_64-linux-gnu -lboost_unit_test_framework >&5
configure:30429: $? = 0
configure:30431: result: yes
configure:30457: checking for mismatched boost c++11 scoped enums
configure:30485: g++ -std=c++11 -o conftest -g -O2 -Wall -Wextra -Wformat -Wvla -Wformat-security -Wno-unused-parameter -Wno-implicit-fallthrough -I/usr/local/include -DHAVE_BUILD_INFO -D__STDC_FORMAT_MACROS -DBOOST_SP_USE_STD_ATOMIC -DBOOST_AC_USE_STD_ATOMIC -pthread -I/usr/include -L/usr/local/lib conftest.cpp -L/usr/lib/x86_64-linux-gnu -lboost_system -lboost_filesystem -lboost_program_options -lboost_thread -lboost_chrono  >&5
conftest.cpp: In function 'int main()':
conftest.cpp:94:5: error: 'choke' was not declared in this scope
   94 |     choke;
      |     ^~~~~
configure:30485: $? = 1
configure: failed program was:
| /* confdefs.h */
| #define PACKAGE_NAME "Bitcoin Core"
| #define PACKAGE_TARNAME "bitcoin"
| #define PACKAGE_VERSION "0.15.2"
| #define PACKAGE_STRING "Bitcoin Core 0.15.2"
| #define PACKAGE_BUGREPORT "https://github.com/bitcoin/bitcoin/issues"
| #define PACKAGE_URL "https://bitcoincore.org/"
| #define HAVE_CXX11 1
| #define HAVE_STDIO_H 1
| #define HAVE_STDLIB_H 1
| #define HAVE_STRING_H 1
| #define HAVE_INTTYPES_H 1
| #define HAVE_STDINT_H 1
| #define HAVE_STRINGS_H 1
| #define HAVE_SYS_STAT_H 1
| #define HAVE_SYS_TYPES_H 1
| #define HAVE_UNISTD_H 1
| #define STDC_HEADERS 1
| #define HAVE_DLFCN_H 1
| #define LT_OBJDIR ".libs/"
| #define HAVE_PTHREAD_PRIO_INHERIT 1
| #define HAVE_PTHREAD 1
| #define HAVE_DECL_STRERROR_R 1
| #define HAVE_STRERROR_R 1
| #define STRERROR_R_CHAR_P 1
| #define HAVE_FUNC_ATTRIBUTE_VISIBILITY 1
| #define HAVE_ENDIAN_H 1
| #define HAVE_BYTESWAP_H 1
| #define HAVE_STDIO_H 1
| #define HAVE_STDLIB_H 1
| #define HAVE_UNISTD_H 1
| #define HAVE_STRINGS_H 1
| #define HAVE_SYS_TYPES_H 1
| #define HAVE_SYS_STAT_H 1
| #define HAVE_SYS_SELECT_H 1
| #define HAVE_SYS_PRCTL_H 1
| #define HAVE_DECL_STRNLEN 1
| #define HAVE_DECL_DAEMON 1
| #define HAVE_DECL_LE16TOH 1
| #define HAVE_DECL_LE32TOH 1
| #define HAVE_DECL_LE64TOH 1
| #define HAVE_DECL_HTOLE16 1
| #define HAVE_DECL_HTOLE32 1
| #define HAVE_DECL_HTOLE64 1
| #define HAVE_DECL_BE16TOH 1
| #define HAVE_DECL_BE32TOH 1
| #define HAVE_DECL_BE64TOH 1
| #define HAVE_DECL_HTOBE16 1
| #define HAVE_DECL_HTOBE32 1
| #define HAVE_DECL_HTOBE64 1
| #define HAVE_DECL_BSWAP_16 1
| #define HAVE_DECL_BSWAP_32 1
| #define HAVE_DECL_BSWAP_64 1
| #define HAVE_DECL___BUILTIN_CLZ 1
| #define HAVE_DECL___BUILTIN_CLZL 1
| #define HAVE_DECL___BUILTIN_CLZLL 1
| #define HAVE_MSG_NOSIGNAL 1
| #define HAVE_MSG_DONTWAIT 1
| #define HAVE_MALLOC_INFO 1
| #define HAVE_MALLOPT_ARENA_MAX 1
| #define HAVE_VISIBILITY_ATTRIBUTE 1
| #define HAVE_SYS_GETRANDOM 1
| #define HAVE_GETENTROPY 1
| #define HAVE_GETENTROPY_RAND 1
| #define HAVE_MINIUPNPC_MINIWGET_H 1
| #define HAVE_MINIUPNPC_MINIUPNPC_H 1
| #define HAVE_MINIUPNPC_UPNPCOMMANDS_H 1
| #define HAVE_MINIUPNPC_UPNPERRORS_H 1
| #define HAVE_BOOST /**/
| #define HAVE_BOOST_SYSTEM /**/
| #define HAVE_BOOST_FILESYSTEM /**/
| #define HAVE_BOOST_PROGRAM_OPTIONS /**/
| #define HAVE_BOOST_THREAD /**/
| #define HAVE_BOOST_CHRONO /**/
| #define HAVE_BOOST_UNIT_TEST_FRAMEWORK /**/
| /* end confdefs.h.  */
| 
|   #include "boost/config.hpp"
|   #include "boost/version.hpp"
|   #if !defined(BOOST_NO_SCOPED_ENUMS) && !defined(BOOST_NO_CXX11_SCOPED_ENUMS) && BOOST_VERSION < 105700
|   #define BOOST_NO_SCOPED_ENUMS
|   #define BOOST_NO_CXX11_SCOPED_ENUMS
|   #define CHECK
|   #endif
|   #include "boost/filesystem.hpp"
| 
| int
| main (void)
| {
| 
|   #if defined(CHECK)
|     boost::filesystem::copy_file("foo", "bar");
|   #else
|     choke;
|   #endif
| 
|   ;
|   return 0;
| }
configure:30490: result: ok
configure:30522: g++ -std=c++11 -o conftest -g -O2 -Wall -Wextra -Wformat -Wvla -Wformat-security -Wno-unused-parameter -Wno-implicit-fallthrough -I/usr/local/include -DHAVE_BUILD_INFO -D__STDC_FORMAT_MACROS -DBOOST_SP_USE_STD_ATOMIC -DBOOST_AC_USE_STD_ATOMIC -pthread -I/usr/include -L/usr/local/lib conftest.cpp -L/usr/lib/x86_64-linux-gnu -lboost_system -lboost_filesystem -lboost_program_options -lboost_thread -lboost_chrono  >&5
configure:30522: $? = 0
configure:30586: checking for libssl
configure:30593: $PKG_CONFIG --exists --print-errors "libssl"
configure:30596: $? = 0
configure:30610: $PKG_CONFIG --exists --print-errors "libssl"
configure:30613: $? = 0
configure:30651: result: yes
configure:30657: checking for libcrypto
configure:30664: $PKG_CONFIG --exists --print-errors "libcrypto"
configure:30667: $? = 0
configure:30681: $PKG_CONFIG --exists --print-errors "libcrypto"
configure:30684: $? = 0
configure:30722: result: yes
configure:30911: checking for libevent
configure:30918: $PKG_CONFIG --exists --print-errors "libevent"
configure:30921: $? = 0
configure:30935: $PKG_CONFIG --exists --print-errors "libevent"
configure:30938: $? = 0
configure:30976: result: yes
configure:30983: checking for libevent_pthreads
configure:30990: $PKG_CONFIG --exists --print-errors "libevent_pthreads"
configure:30993: $? = 0
configure:31007: $PKG_CONFIG --exists --print-errors "libevent_pthreads"
configure:31010: $? = 0
configure:31048: result: yes
configure:31058: checking for libzmq >= 4
configure:31065: $PKG_CONFIG --exists --print-errors "libzmq >= 4"
Package libzmq was not found in the pkg-config search path.
Perhaps you should add the directory containing `libzmq.pc'
to the PKG_CONFIG_PATH environment variable
No package 'libzmq' found
configure:31068: $? = 1
configure:31082: $PKG_CONFIG --exists --print-errors "libzmq >= 4"
Package libzmq was not found in the pkg-config search path.
Perhaps you should add the directory containing `libzmq.pc'
to the PKG_CONFIG_PATH environment variable
No package 'libzmq' found
configure:31085: $? = 1
configure:31099: result: no
No package 'libzmq' found
configure:31118: WARNING: libzmq version 4.x or greater not found, disabling
configure:31551: checking whether EVP_MD_CTX_new is declared
configure:31551: g++ -std=c++11 -c -g -O2 -Wall -Wextra -Wformat -Wvla -Wformat-security -Wno-unused-parameter -Wno-implicit-fallthrough    -I/usr/local/include -DHAVE_BUILD_INFO -D__STDC_FORMAT_MACROS conftest.cpp >&5
configure:31551: $? = 0
configure:31551: result: yes
configure:31864: checking whether to build bitcoind
configure:31874: result: yes
configure:31877: checking whether to build utils (bitcoin-cli bitcoin-tx)
configure:31887: result: yes
configure:31890: checking whether to build libraries
configure:31907: result: yes
configure:31918: checking if ccache should be used
configure:31931: result: no
configure:31975: checking if wallet should be enabled
configure:31978: result: yes
configure:31989: checking whether to build with support for UPnP
configure:31999: result: yes
configure:32001: checking whether to build with UPnP enabled by default
configure:32009: result: no
configure:32083: checking whether to build test_bitcoin
configure:32086: result: yes
configure:32095: checking whether to reduce exports
configure:32101: result: no
configure:32441: checking that generated files are newer than configure
configure:32447: result: done
configure:32567: creating ./config.status

## ---------------------- ##
## Running config.status. ##
## ---------------------- ##

This file was extended by Bitcoin Core config.status 0.15.2, which was
generated by GNU Autoconf 2.71.  Invocation command line was

  CONFIG_FILES    = 
  CONFIG_HEADERS  = 
  CONFIG_LINKS    = 
  CONFIG_COMMANDS = 
  $ ./config.status 

on DESKTOP-KHJ7B80

config.status:1404: creating libbitcoinconsensus.pc
config.status:1404: creating Makefile
config.status:1404: creating src/Makefile
config.status:1404: creating doc/man/Makefile
config.status:1404: creating share/setup.nsi
config.status:1404: creating share/qt/Info.plist
config.status:1404: creating test/config.ini
config.status:1404: creating contrib/devtools/split-debug.sh
config.status:1404: creating doc/Doxyfile
config.status:1404: creating src/config/bitcoin-config.h
config.status:1664: executing depfiles commands
config.status:1741: cd src       && sed -e '/# am--include-marker/d' Makefile         | make -f - am--depfiles
config.status:1746: $? = 0
config.status:1664: executing libtool commands
configure:35088: === configuring in src/univalue (/root/coin-dev/src/univalue)
configure:35149: running /bin/bash ./configure --disable-option-checking '--prefix=/usr/local'  'LDFLAGS=-L/usr/local/lib' 'CPPFLAGS=-I/usr/local/include' '--disable-shared' '--with-pic' '--with-bignum=no' '--enable-module-recovery' '--disable-jni' --cache-file=/dev/null --srcdir=.
configure:35088: === configuring in src/secp256k1 (/root/coin-dev/src/secp256k1)
configure:35149: running /bin/bash ./configure --disable-option-checking '--prefix=/usr/local'  'LDFLAGS=-L/usr/local/lib' 'CPPFLAGS=-I/usr/local/include' '--disable-shared' '--with-pic' '--with-bignum=no' '--enable-module-recovery' '--disable-jni' --cache-file=/dev/null --srcdir=.
configure:35168: result: Fixing libtool for -rpath problems.

## ---------------- ##
## Cache variables. ##
## ---------------- ##

ac_cv_build=x86_64-pc-linux-gnu
ac_cv_c_bigendian=no
ac_cv_c_compiler_gnu=yes
ac_cv_cxx_compiler_gnu=yes
ac_cv_cxx_undeclared_builtin_options='none needed'
ac_cv_env_ARFLAGS_set=
ac_cv_env_ARFLAGS_value=
ac_cv_env_BDB_CFLAGS_set=
ac_cv_env_BDB_CFLAGS_value=
ac_cv_env_BDB_LIBS_set=
ac_cv_env_BDB_LIBS_value=
ac_cv_env_CCC_set=
ac_cv_env_CCC_value=
ac_cv_env_CC_set=
ac_cv_env_CC_value=
ac_cv_env_CFLAGS_set=
ac_cv_env_CFLAGS_value=
ac_cv_env_CPPFLAGS_set=set
ac_cv_env_CPPFLAGS_value=-I/usr/local/include
ac_cv_env_CPP_set=
ac_cv_env_CPP_value=
ac_cv_env_CRYPTO_CFLAGS_set=
ac_cv_env_CRYPTO_CFLAGS_value=
ac_cv_env_CRYPTO_LIBS_set=
ac_cv_env_CRYPTO_LIBS_value=
ac_cv_env_CXXCPP_set=
ac_cv_env_CXXCPP_value=
ac_cv_env_CXXFLAGS_set=
ac_cv_env_CXXFLAGS_value=
ac_cv_env_CXX_set=
ac_cv_env_CXX_value=
ac_cv_env_EVENT_CFLAGS_set=
ac_cv_env_EVENT_CFLAGS_value=
ac_cv_env_EVENT_LIBS_set=
ac_cv_env_EVENT_LIBS_value=
ac_cv_env_EVENT_PTHREADS_CFLAGS_set=
ac_cv_env_EVENT_PTHREADS_CFLAGS_value=
ac_cv_env_EVENT_PTHREADS_LIBS_set=
ac_cv_env_EVENT_PTHREADS_LIBS_value=
ac_cv_env_LDFLAGS_set=set
ac_cv_env_LDFLAGS_value=-L/usr/local/lib
ac_cv_env_LIBS_set=
ac_cv_env_LIBS_value=
ac_cv_env_LT_SYS_LIBRARY_PATH_set=
ac_cv_env_LT_SYS_LIBRARY_PATH_value=
ac_cv_env_OBJCXXFLAGS_set=
ac_cv_env_OBJCXXFLAGS_value=
ac_cv_env_OBJCXX_set=
ac_cv_env_OBJCXX_value=
ac_cv_env_PKG_CONFIG_LIBDIR_set=
ac_cv_env_PKG_CONFIG_LIBDIR_value=
ac_cv_env_PKG_CONFIG_PATH_set=
ac_cv_env_PKG_CONFIG_PATH_value=
ac_cv_env_PKG_CONFIG_set=
ac_cv_env_PKG_CONFIG_value=
ac_cv_env_PROTOBUF_CFLAGS_set=
ac_cv_env_PROTOBUF_CFLAGS_value=
ac_cv_env_PROTOBUF_LIBS_set=
ac_cv_env_PROTOBUF_LIBS_value=
ac_cv_env_PYTHONPATH_set=
ac_cv_env_PYTHONPATH_value=
ac_cv_env_QR_CFLAGS_set=
ac_cv_env_QR_CFLAGS_value=
ac_cv_env_QR_LIBS_set=
ac_cv_env_QR_LIBS_value=
ac_cv_env_QT4_CFLAGS_set=
ac_cv_env_QT4_CFLAGS_value=
ac_cv_env_QT4_LIBS_set=
ac_cv_env_QT4_LIBS_value=
ac_cv_env_QT5_CFLAGS_set=
ac_cv_env_QT5_CFLAGS_value=
ac_cv_env_QT5_LIBS_set=
ac_cv_env_QT5_LIBS_value=
ac_cv_env_QTPLATFORM_CFLAGS_set=
ac_cv_env_QTPLATFORM_CFLAGS_value=
ac_cv_env_QTPLATFORM_LIBS_set=
ac_cv_env_QTPLATFORM_LIBS_value=
ac_cv_env_QTPRINT_CFLAGS_set=
ac_cv_env_QTPRINT_CFLAGS_value=
ac_cv_env_QTPRINT_LIBS_set=
ac_cv_env_QTPRINT_LIBS_value=
ac_cv_env_QTXCBQPA_CFLAGS_set=
ac_cv_env_QTXCBQPA_CFLAGS_value=
ac_cv_env_QTXCBQPA_LIBS_set=
ac_cv_env_QTXCBQPA_LIBS_value=
ac_cv_env_QT_DBUS_CFLAGS_set=
ac_cv_env_QT_DBUS_CFLAGS_value=
ac_cv_env_QT_DBUS_LIBS_set=
ac_cv_env_QT_DBUS_LIBS_value=
ac_cv_env_QT_TEST_CFLAGS_set=
ac_cv_env_QT_TEST_CFLAGS_value=
ac_cv_env_QT_TEST_LIBS_set=
ac_cv_env_QT_TEST_LIBS_value=
ac_cv_env_SSL_CFLAGS_set=
ac_cv_env_SSL_CFLAGS_value=
ac_cv_env_SSL_LIBS_set=
ac_cv_env_SSL_LIBS_value=
ac_cv_env_UNIVALUE_CFLAGS_set=
ac_cv_env_UNIVALUE_CFLAGS_value=
ac_cv_env_UNIVALUE_LIBS_set=
ac_cv_env_UNIVALUE_LIBS_value=
ac_cv_env_X11XCB_CFLAGS_set=
ac_cv_env_X11XCB_CFLAGS_value=
ac_cv_env_X11XCB_LIBS_set=
ac_cv_env_X11XCB_LIBS_value=
ac_cv_env_ZMQ_CFLAGS_set=
ac_cv_env_ZMQ_CFLAGS_value=
ac_cv_env_ZMQ_LIBS_set=
ac_cv_env_ZMQ_LIBS_value=
ac_cv_env_build_alias_set=
ac_cv_env_build_alias_value=
ac_cv_env_host_alias_set=
ac_cv_env_host_alias_value=
ac_cv_env_target_alias_set=
ac_cv_env_target_alias_value=
ac_cv_func_strerror_r_char_p=yes
ac_cv_have_decl_EVP_MD_CTX_new=yes
ac_cv_have_decl___builtin_clz=yes
ac_cv_have_decl___builtin_clzl=yes
ac_cv_have_decl___builtin_clzll=yes
ac_cv_have_decl_be16toh=yes
ac_cv_have_decl_be32toh=yes
ac_cv_have_decl_be64toh=yes
ac_cv_have_decl_bswap_16=yes
ac_cv_have_decl_bswap_32=yes
ac_cv_have_decl_bswap_64=yes
ac_cv_have_decl_daemon=yes
ac_cv_have_decl_htobe16=yes
ac_cv_have_decl_htobe32=yes
ac_cv_have_decl_htobe64=yes
ac_cv_have_decl_htole16=yes
ac_cv_have_decl_htole32=yes
ac_cv_have_decl_htole64=yes
ac_cv_have_decl_le16toh=yes
ac_cv_have_decl_le32toh=yes
ac_cv_have_decl_le64toh=yes
ac_cv_have_decl_strerror_r=yes
ac_cv_have_decl_strnlen=yes
ac_cv_header_byteswap_h=yes
ac_cv_header_dlfcn_h=yes
ac_cv_header_endian_h=yes
ac_cv_header_inttypes_h=yes
ac_cv_header_miniupnpc_miniupnpc_h=yes
ac_cv_header_miniupnpc_miniwget_h=yes
ac_cv_header_miniupnpc_upnpcommands_h=yes
ac_cv_header_miniupnpc_upnperrors_h=yes
ac_cv_header_stdint_h=yes
ac_cv_header_stdio_h=yes
ac_cv_header_stdlib_h=yes
ac_cv_header_string_h=yes
ac_cv_header_strings_h=yes
ac_cv_header_sys_endian_h=no
ac_cv_header_sys_prctl_h=yes
ac_cv_header_sys_select_h=yes
ac_cv_header_sys_stat_h=yes
ac_cv_header_sys_types_h=yes
ac_cv_header_unistd_h=yes
ac_cv_host=x86_64-pc-linux-gnu
ac_cv_lib_boost_chrono_exit=yes
ac_cv_lib_boost_filesystem_exit=yes
ac_cv_lib_boost_program_options_exit=yes
ac_cv_lib_boost_system_exit=yes
ac_cv_lib_boost_thread_exit=yes
ac_cv_lib_db_cxx_4_8_main=yes
ac_cv_lib_miniupnpc_main=yes
ac_cv_objcxx_compiler_gnu=no
ac_cv_objext=o
ac_cv_path_EGREP='/usr/bin/grep -E'
ac_cv_path_FGREP='/usr/bin/grep -F'
ac_cv_path_GIT=/usr/bin/git
ac_cv_path_GREP=/usr/bin/grep
ac_cv_path_HEXDUMP=/usr/bin/hexdump
ac_cv_path_PYTHON=/usr/bin/python3
ac_cv_path_SED=/usr/bin/sed
ac_cv_path_XGETTEXT=/usr/bin/xgettext
ac_cv_path_ac_pt_AR=/usr/bin/ar
ac_cv_path_ac_pt_CPPFILT=/usr/bin/c++filt
ac_cv_path_ac_pt_GCOV=/usr/bin/gcov
ac_cv_path_ac_pt_OBJCOPY=/usr/bin/objcopy
ac_cv_path_ac_pt_PKG_CONFIG=/usr/bin/pkg-config
ac_cv_path_ac_pt_RANLIB=/usr/bin/ranlib
ac_cv_path_ac_pt_READELF=/usr/bin/readelf
ac_cv_path_ac_pt_STRIP=/usr/bin/strip
ac_cv_path_install='/usr/bin/install -c'
ac_cv_path_lt_DD=/usr/bin/dd
ac_cv_path_mkdir=/usr/bin/mkdir
ac_cv_prog_AWK=mawk
ac_cv_prog_CPP='gcc -E'
ac_cv_prog_CXXCPP='g++ -std=c++11 -E'
ac_cv_prog_ac_ct_AR=ar
ac_cv_prog_ac_ct_CC=gcc
ac_cv_prog_ac_ct_CXX=g++
ac_cv_prog_ac_ct_OBJDUMP=objdump
ac_cv_prog_ac_ct_RANLIB=ranlib
ac_cv_prog_ac_ct_STRIP=strip
ac_cv_prog_cc_c11=
ac_cv_prog_cc_g=yes
ac_cv_prog_cc_stdc=
ac_cv_prog_cxx_11=no
ac_cv_prog_cxx_cxx11=
ac_cv_prog_cxx_g=yes
ac_cv_prog_cxx_stdcxx=
ac_cv_prog_make_make_set=yes
ac_cv_prog_objcxx_g=no
ac_cv_search_clock_gettime='none required'
ac_cv_sys_file_offset_bits=no
ac_cv_sys_largefile_CC=no
am_cv_CC_dependencies_compiler_type=gcc3
am_cv_CXX_dependencies_compiler_type=gcc3
am_cv_OBJCXX_dependencies_compiler_type=gcc3
am_cv_make_support_nested_variables=yes
am_cv_prog_cc_c_o=yes
ax_cv_PTHREAD_CLANG=no
ax_cv_PTHREAD_JOINABLE_ATTR=PTHREAD_CREATE_JOINABLE
ax_cv_PTHREAD_PRIO_INHERIT=yes
ax_cv_PTHREAD_SPECIAL_FLAGS=no
ax_cv_boost_chrono=yes
ax_cv_boost_filesystem=yes
ax_cv_boost_program_options=yes
ax_cv_boost_system=yes
ax_cv_boost_thread=yes
ax_cv_boost_unit_test_framework=yes
ax_cv_check_cxxcppflags___D_FORTIFY_SOURCE_2=yes
ax_cv_check_cxxcppflags___U_FORTIFY_SOURCE=yes
ax_cv_check_cxxflags__Wall=yes
ax_cv_check_cxxflags__Wdeprecated_register=no
ax_cv_check_cxxflags__Wextra=yes
ax_cv_check_cxxflags__Wformat=yes
ax_cv_check_cxxflags__Wformat_security=yes
ax_cv_check_cxxflags__Wimplicit_fallthrough=yes
ax_cv_check_cxxflags__Wself_assign=no
ax_cv_check_cxxflags__Wunused_local_typedef=no
ax_cv_check_cxxflags__Wunused_parameter=yes
ax_cv_check_cxxflags__Wvla=yes
ax_cv_check_cxxflags___Werror=yes
ax_cv_check_cxxflags___Wstack_protector=yes
ax_cv_check_cxxflags___fPIC=yes
ax_cv_check_cxxflags___fPIE=yes
ax_cv_check_cxxflags___fstack_protector_all=yes
ax_cv_check_cxxflags__msse4_2=yes
ax_cv_check_ldflags___Wl___dynamicbase=no
ax_cv_check_ldflags___Wl___high_entropy_va=no
ax_cv_check_ldflags___Wl___large_address_aware=no
ax_cv_check_ldflags___Wl___nxcompat=no
ax_cv_check_ldflags___Wl__z_now=yes
ax_cv_check_ldflags___Wl__z_relro=yes
ax_cv_check_ldflags___pie=yes
ax_cv_cxx_compile_cxx11__std_cpp11=yes
ax_cv_have_func_attribute_dllexport=no
ax_cv_have_func_attribute_dllimport=no
ax_cv_have_func_attribute_visibility=yes
lt_cv_ar_at_file=@
lt_cv_archive_cmds_need_lc=no
lt_cv_deplibs_check_method=pass_all
lt_cv_file_magic_cmd='$MAGIC_CMD'
lt_cv_file_magic_test_file=
lt_cv_ld_reload_flag=-r
lt_cv_nm_interface='BSD nm'
lt_cv_objdir=.libs
lt_cv_path_LD=/usr/bin/ld
lt_cv_path_LDCXX='/usr/bin/ld -m elf_x86_64'
lt_cv_path_NM='/usr/bin/nm -B'
lt_cv_path_mainfest_tool=no
lt_cv_prog_compiler_c_o=yes
lt_cv_prog_compiler_c_o_CXX=yes
lt_cv_prog_compiler_pic='-fPIC -DPIC'
lt_cv_prog_compiler_pic_CXX='-fPIC -DPIC'
lt_cv_prog_compiler_pic_works=yes
lt_cv_prog_compiler_pic_works_CXX=yes
lt_cv_prog_compiler_rtti_exceptions=no
lt_cv_prog_compiler_static_works=yes
lt_cv_prog_compiler_static_works_CXX=yes
lt_cv_prog_gnu_ld=yes
lt_cv_prog_gnu_ldcxx=yes
lt_cv_sharedlib_from_linklib_cmd='printf %s\n'
lt_cv_shlibpath_overrides_runpath=yes
lt_cv_sys_global_symbol_pipe='sed -n -e '\''s/^.*[	 ]\([ABCDGIRSTW][ABCDGIRSTW]*\)[	 ][	 ]*\([_A-Za-z][_A-Za-z0-9]*\)$/\1 \2 \2/p'\'' | sed '\''/ __gnu_lto/d'\'''
lt_cv_sys_global_symbol_to_c_name_address='sed -n -e '\''s/^: \(.*\) .*$/  {"\1", (void *) 0},/p'\'' -e '\''s/^[ABCDGIRSTW][ABCDGIRSTW]* .* \(.*\)$/  {"\1", (void *) \&\1},/p'\'''
lt_cv_sys_global_symbol_to_c_name_address_lib_prefix='sed -n -e '\''s/^: \(.*\) .*$/  {"\1", (void *) 0},/p'\'' -e '\''s/^[ABCDGIRSTW][ABCDGIRSTW]* .* \(lib.*\)$/  {"\1", (void *) \&\1},/p'\'' -e '\''s/^[ABCDGIRSTW][ABCDGIRSTW]* .* \(.*\)$/  {"lib\1", (void *) \&\1},/p'\'''
lt_cv_sys_global_symbol_to_cdecl='sed -n -e '\''s/^T .* \(.*\)$/extern int \1();/p'\'' -e '\''s/^[ABCDGIRSTW][ABCDGIRSTW]* .* \(.*\)$/extern char \1;/p'\'''
lt_cv_sys_global_symbol_to_import=
lt_cv_sys_max_cmd_len=1572864
lt_cv_to_host_file_cmd=func_convert_file_noop
lt_cv_to_tool_file_cmd=func_convert_file_noop
lt_cv_truncate_bin='/usr/bin/dd bs=4096 count=1'
pkg_cv_CRYPTO_CFLAGS=
pkg_cv_CRYPTO_LIBS=-lcrypto
pkg_cv_EVENT_CFLAGS=
pkg_cv_EVENT_LIBS=-levent
pkg_cv_EVENT_PTHREADS_CFLAGS=
pkg_cv_EVENT_PTHREADS_LIBS='-levent_pthreads -levent'
pkg_cv_SSL_CFLAGS=
pkg_cv_SSL_LIBS=-lssl

## ----------------- ##
## Output variables. ##
## ----------------- ##

ACLOCAL='${SHELL} '\''/root/coin-dev/build-aux/missing'\'' aclocal-1.16'
AMDEPBACKSLASH='\'
AMDEP_FALSE='#'
AMDEP_TRUE=''
AMTAR='$${TAR-tar}'
AM_BACKSLASH='\'
AM_DEFAULT_V='$(AM_DEFAULT_VERBOSITY)'
AM_DEFAULT_VERBOSITY='0'
AM_V='$(V)'
AR='/usr/bin/ar'
ARFLAGS='cr'
AUTOCONF='${SHELL} '\''/root/coin-dev/build-aux/missing'\'' autoconf'
AUTOHEADER='${SHELL} '\''/root/coin-dev/build-aux/missing'\'' autoheader'
AUTOMAKE='${SHELL} '\''/root/coin-dev/build-aux/missing'\'' automake-1.16'
AWK='mawk'
BDB_CFLAGS=''
BDB_CPPFLAGS=''
BDB_LIBS='-ldb_cxx-4.8'
BITCOIN_CLI_NAME='bitcoin-cli'
BITCOIN_DAEMON_NAME='bitcoind'
BITCOIN_GUI_NAME='bitcoin-qt'
BITCOIN_TX_NAME='bitcoin-tx'
BOOST_CHRONO_LIB='-lboost_chrono'
BOOST_CPPFLAGS='-DBOOST_SP_USE_STD_ATOMIC -DBOOST_AC_USE_STD_ATOMIC -pthread -I/usr/include'
BOOST_FILESYSTEM_LIB='-lboost_filesystem'
BOOST_LDFLAGS='-L/usr/lib/x86_64-linux-gnu'
BOOST_LIBS='-L/usr/lib/x86_64-linux-gnu -lboost_system -lboost_filesystem -lboost_program_options -lboost_thread -lboost_chrono'
BOOST_PROGRAM_OPTIONS_LIB='-lboost_program_options'
BOOST_SYSTEM_LIB='-lboost_system'
BOOST_THREAD_LIB='-lboost_thread'
BOOST_UNIT_TEST_FRAMEWORK_LIB='-lboost_unit_test_framework'
BREW=''
BUILD_BITCOIND_FALSE='#'
BUILD_BITCOIND_TRUE=''
BUILD_BITCOIN_LIBS_FALSE='#'
BUILD_BITCOIN_LIBS_TRUE=''
BUILD_BITCOIN_UTILS_FALSE='#'
BUILD_BITCOIN_UTILS_TRUE=''
BUILD_DARWIN_FALSE=''
BUILD_DARWIN_TRUE='#'
CC='gcc'
CCACHE=''
CCDEPMODE='depmode=gcc3'
CFLAGS='-g -O2'
CLIENT_VERSION_BUILD='0'
CLIENT_VERSION_IS_RELEASE='true'
CLIENT_VERSION_MAJOR='0'
CLIENT_VERSION_MINOR='15'
CLIENT_VERSION_REVISION='2'
COPYRIGHT_HOLDERS='The %s developers'
COPYRIGHT_HOLDERS_FINAL='The Bitcoin Core developers'
COPYRIGHT_HOLDERS_SUBSTITUTION='Bitcoin Core'
COPYRIGHT_YEAR='2017'
CPP='gcc -E'
CPPFILT='/usr/bin/c++filt'
CPPFLAGS='-I/usr/local/include -DHAVE_BUILD_INFO -D__STDC_FORMAT_MACROS'
CRYPTO_CFLAGS=''
CRYPTO_LIBS='-lcrypto'
CSCOPE='cscope'
CTAGS='ctags'
CXX='g++ -std=c++11'
CXXCPP='g++ -std=c++11 -E'
CXXDEPMODE='depmode=gcc3'
CXXFLAGS='-g -O2 -Wall -Wextra -Wformat -Wvla -Wformat-security -Wno-unused-parameter -Wno-implicit-fallthrough'
CYGPATH_W='echo'
DEFS='-DHAVE_CONFIG_H'
DEPDIR='.deps'
DLLTOOL='false'
DSYMUTIL=''
DUMPBIN=''
ECHO_C=''
ECHO_N='-n'
ECHO_T=''
EGREP='/usr/bin/grep -E'
EMBEDDED_LEVELDB_FALSE='#'
EMBEDDED_LEVELDB_TRUE=''
EMBEDDED_UNIVALUE_FALSE='#'
EMBEDDED_UNIVALUE_TRUE=''
ENABLE_BENCH_FALSE='#'
ENABLE_BENCH_TRUE=''
ENABLE_HWCRC32_FALSE='#'
ENABLE_HWCRC32_TRUE=''
ENABLE_MAN_FALSE='#'
ENABLE_MAN_TRUE=''
ENABLE_QT_FALSE=''
ENABLE_QT_TESTS_FALSE=''
ENABLE_QT_TESTS_TRUE='#'
ENABLE_QT_TRUE='#'
ENABLE_TESTS_FALSE='#'
ENABLE_TESTS_TRUE=''
ENABLE_WALLET_FALSE='#'
ENABLE_WALLET_TRUE=''
ENABLE_ZMQ_FALSE=''
ENABLE_ZMQ_TRUE='#'
ERROR_CXXFLAGS=''
ETAGS='etags'
EVENT_CFLAGS=''
EVENT_LIBS='-levent'
EVENT_PTHREADS_CFLAGS=''
EVENT_PTHREADS_LIBS='-levent_pthreads -levent'
EXEEXT=''
EXPERIMENTAL_ASM_FALSE=''
EXPERIMENTAL_ASM_TRUE='#'
EXTENDED_FUNCTIONAL_TESTS=''
FGREP='/usr/bin/grep -F'
GCOV='/usr/bin/gcov'
GENHTML=''
GENISOIMAGE=''
GIT='/usr/bin/git'
GLIBC_BACK_COMPAT_FALSE=''
GLIBC_BACK_COMPAT_TRUE='#'
GREP='/usr/bin/grep'
HARDENED_CPPFLAGS=' -U_FORTIFY_SOURCE -D_FORTIFY_SOURCE=2'
HARDENED_CXXFLAGS=' -Wstack-protector -fstack-protector-all'
HARDENED_LDFLAGS=' -Wl,-z,relro -Wl,-z,now -pie'
HARDEN_FALSE='#'
HARDEN_TRUE=''
HAVE_CXX11='1'
HEXDUMP='/usr/bin/hexdump'
IMAGEMAGICK_CONVERT=''
INSTALLNAMETOOL=''
INSTALL_DATA='${INSTALL} -m 644'
INSTALL_PROGRAM='${INSTALL}'
INSTALL_SCRIPT='${INSTALL}'
INSTALL_STRIP_PROGRAM='$(install_sh) -c -s'
LCOV=''
LCOV_OPTS=''
LD='/usr/bin/ld -m elf_x86_64'
LDFLAGS='-L/usr/local/lib'
LEVELDB_CPPFLAGS=''
LEVELDB_TARGET_FLAGS='-DOS_LINUX'
LIBLEVELDB=''
LIBMEMENV=''
LIBOBJS=''
LIBS=''
LIBTOOL='$(SHELL) $(top_builddir)/libtool'
LIBTOOL_APP_LDFLAGS=''
LIPO=''
LN_S='ln -s'
LRELEASE=''
LTLIBOBJS=''
LT_SYS_LIBRARY_PATH=''
LUPDATE=''
MAINT=''
MAINTAINER_MODE_FALSE='#'
MAINTAINER_MODE_TRUE=''
MAKEINFO='${SHELL} '\''/root/coin-dev/build-aux/missing'\'' makeinfo'
MAKENSIS=''
MANIFEST_TOOL=':'
MINIUPNPC_CPPFLAGS=''
MINIUPNPC_LIBS='-lminiupnpc'
MKDIR_P='/usr/bin/mkdir -p'
MOC=''
MOC_DEFS='-DHAVE_CONFIG_H -I$(srcdir)'
NM='/usr/bin/nm -B'
NMEDIT=''
OBJCOPY='/usr/bin/objcopy'
OBJCXX='g++ -std=c++11'
OBJCXXDEPMODE='depmode=gcc3'
OBJCXXFLAGS=''
OBJDUMP='objdump'
OBJEXT='o'
OTOOL64=''
OTOOL=''
PACKAGE='bitcoin'
PACKAGE_BUGREPORT='https://github.com/bitcoin/bitcoin/issues'
PACKAGE_NAME='Bitcoin Core'
PACKAGE_STRING='Bitcoin Core 0.15.2'
PACKAGE_TARNAME='bitcoin'
PACKAGE_URL='https://bitcoincore.org/'
PACKAGE_VERSION='0.15.2'
PATH_SEPARATOR=':'
PIC_FLAGS='-fPIC'
PIE_FLAGS='-fPIE'
PKG_CONFIG='/usr/bin/pkg-config'
PKG_CONFIG_LIBDIR=''
PKG_CONFIG_PATH=''
PORT=''
PROTOBUF_CFLAGS=''
PROTOBUF_LIBS=''
PROTOC=''
PTHREAD_CC='gcc'
PTHREAD_CFLAGS='-pthread'
PTHREAD_LIBS=''
PYTHON='/usr/bin/python3'
PYTHONPATH=''
QR_CFLAGS=''
QR_LIBS=''
QT4_CFLAGS=''
QT4_LIBS=''
QT5_CFLAGS=''
QT5_LIBS=''
QTPLATFORM_CFLAGS=''
QTPLATFORM_LIBS=''
QTPRINT_CFLAGS=''
QTPRINT_LIBS=''
QTXCBQPA_CFLAGS=''
QTXCBQPA_LIBS=''
QT_DBUS_CFLAGS=''
QT_DBUS_INCLUDES=''
QT_DBUS_LIBS=''
QT_INCLUDES=''
QT_LDFLAGS=''
QT_LIBS=''
QT_PIE_FLAGS=''
QT_SELECT='qt5'
QT_TEST_CFLAGS=''
QT_TEST_INCLUDES=''
QT_TEST_LIBS=''
QT_TRANSLATION_DIR=''
RANLIB='/usr/bin/ranlib'
RCC=''
READELF='/usr/bin/readelf'
RELDFLAGS=''
RSVG_CONVERT=''
SED='/usr/bin/sed'
SET_MAKE=''
SHELL='/bin/bash'
SSE42_CXXFLAGS='-msse4.2'
SSL_CFLAGS=''
SSL_LIBS='-lssl'
STRIP='/usr/bin/strip'
TARGET_DARWIN_FALSE=''
TARGET_DARWIN_TRUE='#'
TARGET_WINDOWS_FALSE=''
TARGET_WINDOWS_TRUE='#'
TESTDEFS=' -DBOOST_TEST_DYN_LINK'
TIFFCP=''
UIC=''
UNIVALUE_CFLAGS='-I$(srcdir)/univalue/include'
UNIVALUE_LIBS='univalue/libunivalue.la'
USE_LCOV_FALSE=''
USE_LCOV_TRUE='#'
USE_QRCODE=''
USE_QRCODE_FALSE=''
USE_QRCODE_TRUE='#'
USE_UPNP=''
VERSION='0.15.2'
WINDOWS_BITS=''
WINDRES=''
X11XCB_CFLAGS=''
X11XCB_LIBS=''
XGETTEXT='/usr/bin/xgettext'
ZMQ_CFLAGS=''
ZMQ_LIBS=''
ac_ct_AR='ar'
ac_ct_CC='gcc'
ac_ct_CXX='g++'
ac_ct_DUMPBIN=''
ac_ct_OBJCXX=''
am__EXEEXT_FALSE=''
am__EXEEXT_TRUE='#'
am__fastdepCC_FALSE='#'
am__fastdepCC_TRUE=''
am__fastdepCXX_FALSE='#'
am__fastdepCXX_TRUE=''
am__fastdepOBJCXX_FALSE='#'
am__fastdepOBJCXX_TRUE=''
am__include='include'
am__isrc=''
am__leading_dot='.'
am__nodep='_no'
am__quote=''
am__tar='$${TAR-tar} chof - "$$tardir"'
am__untar='$${TAR-tar} xf -'
ax_pthread_config=''
bindir='${exec_prefix}/bin'
build='x86_64-pc-linux-gnu'
build_alias=''
build_cpu='x86_64'
build_os='linux-gnu'
build_vendor='pc'
datadir='${datarootdir}'
datarootdir='${prefix}/share'
docdir='${datarootdir}/doc/${PACKAGE_TARNAME}'
dvidir='${docdir}'
exec_prefix='${prefix}'
host='x86_64-pc-linux-gnu'
host_alias=''
host_cpu='x86_64'
host_os='linux-gnu'
host_vendor='pc'
htmldir='${docdir}'
includedir='${prefix}/include'
infodir='${datarootdir}/info'
install_sh='${SHELL} /root/coin-dev/build-aux/install-sh'
libdir='${exec_prefix}/lib'
libexecdir='${exec_prefix}/libexec'
localedir='${datarootdir}/locale'
localstatedir='${prefix}/var'
mandir='${datarootdir}/man'
mkdir_p='$(MKDIR_P)'
oldincludedir='/usr/include'
pdfdir='${docdir}'
prefix='/usr/local'
program_transform_name='s,x,x,'
psdir='${docdir}'
runstatedir='${localstatedir}/run'
sbindir='${exec_prefix}/sbin'
sharedstatedir='${prefix}/com'
subdirs=' src/univalue src/secp256k1'
sysconfdir='${prefix}/etc'
target_alias=''

## ----------- ##
## confdefs.h. ##
## ----------- ##

/* confdefs.h */
#define PACKAGE_NAME "Bitcoin Core"
#define PACKAGE_TARNAME "bitcoin"
#define PACKAGE_VERSION "0.15.2"
#define PACKAGE_STRING "Bitcoin Core 0.15.2"
#define PACKAGE_BUGREPORT "https://github.com/bitcoin/bitcoin/issues"
#define PACKAGE_URL "https://bitcoincore.org/"
#define HAVE_CXX11 1
#define HAVE_STDIO_H 1
#define HAVE_STDLIB_H 1
#define HAVE_STRING_H 1
#define HAVE_INTTYPES_H 1
#define HAVE_STDINT_H 1
#define HAVE_STRINGS_H 1
#define HAVE_SYS_STAT_H 1
#define HAVE_SYS_TYPES_H 1
#define HAVE_UNISTD_H 1
#define STDC_HEADERS 1
#define HAVE_DLFCN_H 1
#define LT_OBJDIR ".libs/"
#define HAVE_PTHREAD_PRIO_INHERIT 1
#define HAVE_PTHREAD 1
#define HAVE_DECL_STRERROR_R 1
#define HAVE_STRERROR_R 1
#define STRERROR_R_CHAR_P 1
#define HAVE_FUNC_ATTRIBUTE_VISIBILITY 1
#define HAVE_ENDIAN_H 1
#define HAVE_BYTESWAP_H 1
#define HAVE_STDIO_H 1
#define HAVE_STDLIB_H 1
#define HAVE_UNISTD_H 1
#define HAVE_STRINGS_H 1
#define HAVE_SYS_TYPES_H 1
#define HAVE_SYS_STAT_H 1
#define HAVE_SYS_SELECT_H 1
#define HAVE_SYS_PRCTL_H 1
#define HAVE_DECL_STRNLEN 1
#define HAVE_DECL_DAEMON 1
#define HAVE_DECL_LE16TOH 1
#define HAVE_DECL_LE32TOH 1
#define HAVE_DECL_LE64TOH 1
#define HAVE_DECL_HTOLE16 1
#define HAVE_DECL_HTOLE32 1
#define HAVE_DECL_HTOLE64 1
#define HAVE_DECL_BE16TOH 1
#define HAVE_DECL_BE32TOH 1
#define HAVE_DECL_BE64TOH 1
#define HAVE_DECL_HTOBE16 1
#define HAVE_DECL_HTOBE32 1
#define HAVE_DECL_HTOBE64 1
#define HAVE_DECL_BSWAP_16 1
#define HAVE_DECL_BSWAP_32 1
#define HAVE_DECL_BSWAP_64 1
#define HAVE_DECL___BUILTIN_CLZ 1
#define HAVE_DECL___BUILTIN_CLZL 1
#define HAVE_DECL___BUILTIN_CLZLL 1
#define HAVE_MSG_NOSIGNAL 1
#define HAVE_MSG_DONTWAIT 1
#define HAVE_MALLOC_INFO 1
#define HAVE_MALLOPT_ARENA_MAX 1
#define HAVE_VISIBILITY_ATTRIBUTE 1
#define HAVE_SYS_GETRANDOM 1
#define HAVE_GETENTROPY 1
#define HAVE_GETENTROPY_RAND 1
#define HAVE_MINIUPNPC_MINIWGET_H 1
#define HAVE_MINIUPNPC_MINIUPNPC_H 1
#define HAVE_MINIUPNPC_UPNPCOMMANDS_H 1
#define HAVE_MINIUPNPC_UPNPERRORS_H 1
#define HAVE_BOOST /**/
#define HAVE_BOOST_SYSTEM /**/
#define HAVE_BOOST_FILESYSTEM /**/
#define HAVE_BOOST_PROGRAM_OPTIONS /**/
#define HAVE_BOOST_THREAD /**/
#define HAVE_BOOST_CHRONO /**/
#define HAVE_BOOST_UNIT_TEST_FRAMEWORK /**/
#define HAVE_WORKING_BOOST_SLEEP_FOR 1
#define ENABLE_ZMQ 0
#define HAVE_DECL_EVP_MD_CTX_NEW 1
#define HAVE_CONSENSUS_LIB 1
#define ENABLE_WALLET 1
#define USE_UPNP 0
#define CLIENT_VERSION_MAJOR 0
#define CLIENT_VERSION_MINOR 15
#define CLIENT_VERSION_REVISION 2
#define CLIENT_VERSION_BUILD 0
#define CLIENT_VERSION_IS_RELEASE true
#define COPYRIGHT_YEAR 2017
#define COPYRIGHT_HOLDERS "The %s developers"
#define COPYRIGHT_HOLDERS_SUBSTITUTION "Bitcoin Core"
#define COPYRIGHT_HOLDERS_FINAL "The Bitcoin Core developers"

configure: exit 0
